"Latest: Time (s)","Latest: Force (N)","Latest: Temperature 1 (°C)","Latest: Temperature 2 (°C)","Latest: Temperature 3 (°C)"
0,-0.0261906687228,22.9768009144,23.0771500872,23.1672970668
0.1,-0.0527842708107,22.9055223983,23.0291602547,23.1193181376
0.2,-0.0394874697668,22.9055223983,23.0291602547,23.1425813611
0.3,-0.0527842708107,22.9055223983,23.0524287895,23.1425813611
0.4,-0.0527842708107,22.9055223983,22.9811644668,23.1425813611
0.5,-0.0394874697668,22.9055223983,23.0291602547,23.0945994794
0.6,-0.0459344036062,22.9055223983,23.0291602547,23.1425813611
0.7,-0.0459344036062,22.9055223983,23.0524287895,23.1425813611
0.8,-0.0459344036062,22.9055223983,22.9811644668,23.1425813611
0.9,-0.0592312046501,22.9055223983,23.0524287895,23.1425813611
1,-0.0459344036062,22.9535277855,23.0524287895,23.0945994794
1.1,-0.0459344036062,22.8807899264,23.0524287895,23.1425813611
1.2,-0.0592312046501,22.9055223983,23.0524287895,23.1193181376
1.3,-0.0459344036062,22.9055223983,23.0524287895,23.1193181376
1.4,-0.0527842708107,22.9287985088,23.0524287895,23.1193181376
1.5,-0.0459344036062,22.9055223983,23.0058903199,23.1425813611
1.6,-0.0326376025623,22.9055223983,23.0524287895,23.0945994794
1.7,-0.0592312046501,22.9055223983,23.0291602547,23.1425813611
1.8,-0.0527842708107,22.9055223983,23.0524287895,23.1193181376
1.9,-0.0459344036062,22.9055223983,22.9811644668,23.1425813611
2,-0.0394874697668,22.9055223983,23.0524287895,23.0945994794
2.1,-0.0394874697668,22.9287985088,23.0524287895,23.1193181376
2.2,-0.0394874697668,22.8807899264,23.0524287895,23.1193181376
2.3,-0.0592312046501,22.9055223983,23.0058903199,23.1425813611
2.4,-0.0394874697668,22.9055223983,23.0524287895,23.1193181376
2.5,-0.0394874697668,22.9287985088,23.0524287895,23.1193181376
2.6,-0.0459344036062,22.9055223983,23.0524287895,23.1425813611
2.7,-0.0459344036062,22.9055223983,23.0524287895,23.0945994794
2.8,-0.0326376025623,22.9055223983,23.0291602547,23.1425813611
2.9,-0.0459344036062,22.9055223983,23.0771500872,23.1425813611
3,-0.0459344036062,22.9055223983,22.9811644668,23.1425813611
3.1,-0.0459344036062,22.8807899264,23.0291602547,23.0945994794
3.2,-0.0394874697668,22.9055223983,23.0524287895,23.1193181376
3.3,-0.0527842708107,22.8575107828,23.0524287895,23.1425813611
3.4,-0.0459344036062,22.8807899264,22.9811644668,23.1425813611
3.5,-0.0527842708107,22.8807899264,23.0524287895,23.1425813611
3.6,-0.0459344036062,22.9055223983,23.0524287895,23.1193181376
3.7,-0.0459344036062,22.8342301501,23.0771500872,23.1425813611
3.8,-0.0394874697668,22.8807899264,23.0524287895,23.1425813611
3.9,-0.0326376025623,22.8807899264,23.0524287895,23.1425813611
4,-0.0459344036062,22.8807899264,23.0524287895,23.1425813611
4.1,-0.0459344036062,22.8807899264,23.0524287895,23.1425813611
4.2,-0.0527842708107,22.8807899264,23.0524287895,23.0945994794
4.3,-0.0459344036062,22.8807899264,23.0524287895,23.1425813611
4.4,-0.0592312046501,22.8807899264,23.0524287895,23.1193181376
4.5,-0.0394874697668,22.8575107828,22.9811644668,23.1425813611
4.6,-0.0326376025623,22.8807899264,23.0291602547,23.0945994794
4.7,-0.0527842708107,22.8807899264,23.0524287895,23.1193181376
4.8,-0.0459344036062,22.8342301501,23.0771500872,23.1425813611
4.9,-0.0394874697668,22.8342301501,22.9811644668,23.1425813611
5,-0.0326376025623,22.8575107828,23.0291602547,23.1425813611
5.1,-0.0394874697668,22.8575107828,23.0524287895,23.1193181376
5.2,-0.0326376025623,22.8094928327,23.0524287895,23.1425813611
5.3,-0.0394874697668,22.8342301501,23.0291602547,23.1425813611
5.4,-0.0459344036062,22.8342301501,23.0291602547,23.1425813611
5.5,-0.0459344036062,22.8575107828,23.0524287895,23.1425813611
5.6,-0.0459344036062,22.8342301501,22.9811644668,23.1425813611
5.7,-0.0527842708107,22.8342301501,23.0058903199,23.0945994794
5.8,-0.0394874697668,22.8342301501,23.0291602547,23.1425813611
5.9,-0.0459344036062,22.8342301501,23.0058903199,23.1193181376
6,-0.0394874697668,22.8094928327,23.0058903199,23.1193181376
6.1,-0.0394874697668,22.8094928327,23.0058903199,23.1193181376
6.2,-0.0459344036062,22.8094928327,23.0291602547,23.1193181376
6.3,-0.0394874697668,22.8094928327,23.0058903199,23.1425813611
6.4,-0.0459344036062,22.8094928327,23.0058903199,23.1425813611
6.5,-0.0326376025623,22.8094928327,23.0058903199,23.1425813611
6.6,-0.0394874697668,22.8094928327,23.0058903199,23.1193181376
6.7,-0.0459344036062,22.8094928327,23.0058903199,23.1425813611
6.8,-0.0394874697668,22.8094928327,23.0058903199,23.1425813611
6.9,-0.0527842708107,22.7862090904,23.0058903199,23.1193181376
7,-0.0394874697668,22.8094928327,23.0058903199,23.1425813611
7.1,-0.0459344036062,22.8094928327,23.0058903199,23.1425813611
7.2,-0.0261906687228,22.7862090904,22.9811644668,23.1193181376
7.3,-0.0326376025623,22.7862090904,23.0058903199,23.1193181376
7.4,-0.0459344036062,22.7862090904,23.0058903199,23.1193181376
7.5,-0.0459344036062,22.8094928327,23.0058903199,23.1193181376
7.6,-0.0326376025623,22.7862090904,22.9811644668,23.1425813611
7.7,-0.0459344036062,22.7862090904,23.0058903199,23.1193181376
7.8,-0.0326376025623,22.7862090904,23.0058903199,23.1193181376
7.9,-0.0326376025623,22.8094928327,23.0058903199,23.1193181376
8,-0.0394874697668,22.7862090904,23.0058903199,23.1193181376
8.1,-0.0394874697668,22.7862090904,23.0058903199,23.0945994794
8.2,-0.0326376025623,22.7862090904,23.0058903199,23.0945994794
8.3,-0.0394874697668,22.7614684416,23.0058903199,23.1193181376
8.4,-0.0459344036062,22.7862090904,23.0058903199,23.1193181376
8.5,-0.0527842708107,22.7862090904,23.0058903199,23.1425813611
8.6,-0.0394874697668,22.7862090904,23.0058903199,23.1193181376
8.7,-0.0394874697668,22.7862090904,23.0058903199,23.1425813611
8.8,-0.0394874697668,22.7862090904,23.0058903199,23.1425813611
8.9,-0.0394874697668,22.7862090904,22.9811644668,23.1193181376
9,-0.0326376025623,22.7862090904,22.9811644668,23.1425813611
9.1,-0.0326376025623,22.7614684416,22.9811644668,23.1425813611
9.2,-0.0459344036062,22.7862090904,22.9811644668,23.1193181376
9.3,-0.0394874697668,22.7614684416,22.9811644668,23.1193181376
9.4,-0.0394874697668,22.7862090904,22.9811644668,23.1193181376
9.5,-0.0394874697668,22.7614684416,22.9811644668,23.1193181376
9.6,-0.0394874697668,22.7614684416,22.9811644668,23.1193181376
9.7,-0.0394874697668,22.7862090904,22.9811644668,23.1193181376
9.8,-0.0459344036062,22.7614684416,22.9811644668,23.1193181376
9.9,-0.0326376025623,22.7862090904,22.9578916064,23.0945994794
10,-0.0394874697668,22.7614684416,22.9811644668,23.1193181376
10.1,-0.0326376025623,22.7862090904,22.9811644668,23.0945994794
10.2,-0.0394874697668,22.7862090904,22.9811644668,23.1193181376
10.3,-0.0394874697668,22.7862090904,22.9811644668,23.1193181376
10.4,-0.0326376025623,22.7614684416,22.9811644668,23.1193181376
10.5,-0.0394874697668,22.7614684416,22.9578916064,23.1193181376
10.6,-0.0394874697668,22.7614684416,22.9811644668,23.1193181376
10.7,-0.0326376025623,22.7614684416,22.9811644668,23.1193181376
10.8,-0.0394874697668,22.7614684416,22.9811644668,23.1193181376
10.9,-0.0459344036062,22.7614684416,22.9811644668,23.1193181376
11,-0.0326376025623,22.7614684416,22.9811644668,23.1193181376
11.1,-0.0394874697668,22.7862090904,22.9811644668,23.0945994794
11.2,-0.0394874697668,22.7614684416,22.9811644668,23.0945994794
11.3,-0.0326376025623,22.7614684416,22.9811644668,23.0945994794
11.4,-0.0459344036062,22.7614684416,22.9811644668,23.0945994794
11.5,-0.0394874697668,22.7614684416,22.9811644668,23.0945994794
11.6,-0.0394874697668,22.7614684416,22.9811644668,23.0945994794
11.7,-0.0459344036062,22.7614684416,22.9811644668,23.0945994794
11.8,-0.0394874697668,22.7614684416,22.9811644668,23.1193181376
11.9,-0.0394874697668,22.7614684416,22.9811644668,23.0945994794
12,-0.0459344036062,22.7614684416,22.9811644668,23.0945994794
12.1,-0.0394874697668,22.7614684416,22.9811644668,23.0945994794
12.2,-0.0394874697668,22.7614684416,22.9578916064,23.0945994794
12.3,-0.0326376025623,22.7614684416,22.9578916064,23.0945994794
12.4,-0.0261906687228,22.7614684416,22.9811644668,23.0945994794
12.5,-0.0394874697668,22.7614684416,22.9578916064,23.0945994794
12.6,-0.0394874697668,22.7614684416,22.9811644668,23.0945994794
12.7,-0.0326376025623,22.7614684416,22.9811644668,23.0945994794
12.8,-0.0394874697668,22.7614684416,22.9578916064,23.0945994794
12.9,-0.0459344036062,22.7614684416,22.9811644668,23.0945994794
13,-0.0459344036062,22.7614684416,22.9811644668,23.0945994794
13.1,-0.0459344036062,22.7614684416,22.9578916064,23.0945994794
13.2,-0.0394874697668,22.7614684416,22.9578916064,23.0945994794
13.3,-0.0326376025623,22.7614684416,22.9578916064,23.0945994794
13.4,-0.0326376025623,22.7614684416,22.9578916064,23.0945994794
13.5,-0.0326376025623,22.7614684416,22.9811644668,23.0945994794
13.6,-0.0326376025623,22.7381815382,22.9811644668,23.0945994794
13.7,-0.0459344036062,22.7614684416,22.9811644668,23.0945994794
13.8,-0.0394874697668,22.7614684416,22.9811644668,23.0945994794
13.9,-0.0394874697668,22.7614684416,22.9578916064,23.0945994794
14,-0.0326376025623,22.7614684416,22.9578916064,23.0945994794
14.1,-0.0326376025623,22.7381815382,22.9578916064,23.0945994794
14.2,-0.0326376025623,22.7381815382,22.9578916064,23.0945994794
14.3,-0.0394874697668,22.7614684416,22.9578916064,23.0945994794
14.4,-0.0394874697668,22.7614684416,22.9811644668,23.0945994794
14.5,-0.0394874697668,22.7381815382,22.9578916064,23.0945994794
14.6,-0.0394874697668,22.7614684416,22.9578916064,23.0945994794
14.7,-0.0326376025623,22.7614684416,22.9578916064,23.0945994794
14.8,-0.0394874697668,22.7614684416,22.9578916064,23.0945994794
14.9,-0.0394874697668,22.7381815382,22.9578916064,23.0945994794
15,-0.0459344036062,22.7614684416,22.9578916064,23.0945994794
15.1,-0.0394874697668,22.7614684416,22.9578916064,23.0945994794
15.2,-0.0326376025623,22.7614684416,22.9578916064,23.0945994794
15.3,-0.0326376025623,22.7614684416,22.9578916064,23.0945994794
15.4,-0.0394874697668,22.7381815382,22.9578916064,23.0945994794
15.5,-0.0459344036062,22.7614684416,22.9578916064,23.0945994794
15.6,-0.0394874697668,22.7614684416,22.9578916064,23.0945994794
15.7,-0.0326376025623,22.7381815382,22.9578916064,23.0945994794
15.8,-0.0394874697668,22.7614684416,22.9578916064,23.0945994794
15.9,-0.0326376025623,22.7614684416,22.9578916064,23.0945994794
16,-0.0394874697668,22.7614684416,22.9578916064,23.0945994794
16.1,-0.0326376025623,22.7614684416,22.9578916064,23.0945994794
16.2,-0.0326376025623,22.7614684416,22.9578916064,23.0945994794
16.3,-0.0326376025623,22.7381815382,22.9578916064,23.0945994794
16.4,-0.0326376025623,22.7614684416,22.9578916064,23.0713334514
16.5,-0.0527842708107,22.7614684416,22.9578916064,23.0945994794
16.6,-0.0459344036062,22.7614684416,22.9578916064,23.0945994794
16.7,-0.0326376025623,22.7614684416,22.9578916064,23.0945994794
16.8,-0.0394874697668,22.7381815382,22.9578916064,23.0945994794
16.9,-0.0326376025623,22.7381815382,22.9578916064,23.0945994794
17,-0.0394874697668,22.7381815382,22.9578916064,23.0945994794
17.1,-0.0326376025623,22.7381815382,22.9578916064,23.0945994794
17.2,-0.0326376025623,22.7614684416,22.9578916064,23.0945994794
17.3,-0.0459344036062,22.7614684416,22.9578916064,23.0945994794
17.4,-0.0459344036062,22.7614684416,22.9578916064,23.0713334514
17.5,-0.0326376025623,22.7381815382,22.9578916064,23.0945994794
17.6,-0.0459344036062,22.7381815382,22.9578916064,23.0945994794
17.7,-0.0394874697668,22.7381815382,22.9578916064,23.0945994794
17.8,-0.0459344036062,22.7381815382,22.9578916064,23.0945994794
17.9,-0.0326376025623,22.7381815382,22.9578916064,23.0945994794
18,-0.0394874697668,22.7381815382,22.9578916064,23.0945994794
18.1,-0.0326376025623,22.7614684416,22.9811644668,23.0713334514
18.2,-0.0326376025623,22.7381815382,22.9811644668,23.0945994794
18.3,-0.0326376025623,22.7381815382,22.9578916064,23.0713334514
18.4,-0.0326376025623,22.7614684416,22.9578916064,23.0713334514
18.5,-0.0261906687228,22.7381815382,22.9578916064,23.0713334514
18.6,-0.0326376025623,22.7381815382,22.9578916064,23.0945994794
18.7,-0.0326376025623,22.7381815382,22.9578916064,23.0945994794
18.8,-0.0326376025623,22.7614684416,22.9811644668,23.0945994794
18.9,-0.0394874697668,22.7381815382,22.9578916064,23.0945994794
19,-0.0394874697668,22.7381815382,22.9578916064,23.0713334514
19.1,-0.0326376025623,22.7614684416,22.9811644668,23.0945994794
19.2,-0.0459344036062,22.7614684416,22.9578916064,23.0945994794
19.3,-0.0394874697668,22.7614684416,22.9578916064,23.0945994794
19.4,-0.0326376025623,22.7381815382,22.9578916064,23.0945994794
19.5,-0.0326376025623,22.7381815382,22.9578916064,23.0945994794
19.6,-0.0261906687228,22.7381815382,22.9578916064,23.0945994794
19.7,-0.0326376025623,22.7381815382,22.9578916064,23.0945994794
19.8,-0.0326376025623,22.7134375032,22.9578916064,23.0945994794
19.9,-0.0527842708107,22.7381815382,22.9578916064,23.0713334514
20,-0.0326376025623,22.7381815382,22.9578916064,23.0945994794
20.1,-0.0459344036062,22.7381815382,22.9811644668,23.0945994794
20.2,-0.0459344036062,22.7134375032,22.9578916064,23.0945994794
20.3,-0.0394874697668,22.7381815382,22.9578916064,23.0945994794
20.4,-0.0326376025623,22.7134375032,22.9578916064,23.0713334514
20.5,-0.0326376025623,22.7134375032,22.9578916064,23.0713334514
20.6,-0.0326376025623,22.7381815382,22.9578916064,23.0713334514
20.7,-0.0326376025623,22.7381815382,22.9578916064,23.0713334514
20.8,-0.0261906687228,22.7134375032,22.9578916064,23.0713334514
20.9,-0.0394874697668,22.7381815382,22.9578916064,23.0713334514
21,-0.0326376025623,22.7381815382,22.9578916064,23.0713334514
21.1,-0.0326376025623,22.7134375032,22.9578916064,23.0713334514
21.2,-0.0326376025623,22.7134375032,22.9578916064,23.0713334514
21.3,-0.0326376025623,22.7134375032,22.9578916064,23.0713334514
21.4,-0.0326376025623,22.7134375032,22.9578916064,23.0713334514
21.5,-0.0326376025623,22.7134375032,22.9578916064,23.0713334514
21.6,-0.0394874697668,22.7134375032,22.9578916064,23.0713334514
21.7,-0.0326376025623,22.7134375032,22.9578916064,23.0713334514
21.8,-0.0261906687228,22.7134375032,22.9578916064,23.0713334514
21.9,-0.0326376025623,22.7134375032,22.9578916064,23.0713334514
22,-0.0326376025623,22.7134375032,22.9331626175,23.0713334514
22.1,-0.0326376025623,22.7134375032,22.9578916064,23.0713334514
22.2,-0.0394874697668,22.7134375032,22.9331626175,23.0713334514
22.3,-0.0394874697668,22.7134375032,22.9578916064,23.0713334514
22.4,-0.0394874697668,22.7134375032,22.9578916064,23.0713334514
22.5,-0.0459344036062,22.7134375032,22.9578916064,23.0713334514
22.6,-0.0326376025623,22.7134375032,22.9578916064,23.0713334514
22.7,-0.0326376025623,22.7134375032,22.9578916064,23.0713334514
22.8,-0.0326376025623,22.7134375032,22.9331626175,23.0466117864
22.9,-0.0326376025623,22.6901473869,22.9578916064,23.0466117864
23,-0.0261906687228,22.7134375032,22.9578916064,23.0466117864
23.1,-0.0326376025623,22.7134375032,22.9578916064,23.0466117864
23.2,-0.0326376025623,22.7134375032,22.9578916064,23.0466117864
23.3,-0.0326376025623,22.7134375032,22.9578916064,23.0233429027
23.4,-0.0394874697668,22.7134375032,22.9578916064,23.0466117864
23.5,-0.0326376025623,22.7134375032,22.9578916064,23.0466117864
23.6,-0.0394874697668,22.7134375032,22.9578916064,23.0233429027
23.7,-0.0394874697668,22.6901473869,22.9578916064,23.0233429027
23.8,-0.0394874697668,22.7134375032,22.9331626175,23.0233429027
23.9,-0.0326376025623,22.7134375032,22.9331626175,23.0233429027
24,-0.0326376025623,22.7134375032,22.9331626175,23.0233429027
24.1,-0.0394874697668,22.7134375032,22.9578916064,23.0233429027
24.2,-0.0326376025623,22.6901473869,22.9331626175,23.0233429027
24.3,-0.0394874697668,22.7134375032,22.9331626175,23.0233429027
24.4,-0.0326376025623,22.6901473869,22.9331626175,23.0233429027
24.5,-0.0197437348834,22.6901473869,22.9578916064,23.0233429027
24.6,-0.0326376025623,22.6901473869,22.9331626175,23.0233429027
24.7,-0.0326376025623,22.7134375032,22.9331626175,22.9986181763
24.8,-0.0394874697668,22.7134375032,22.9578916064,23.0233429027
24.9,-0.0394874697668,22.6901473869,22.9331626175,22.9986181763
25,-0.0326376025623,22.7134375032,22.9331626175,22.9986181763
25.1,-0.0459344036062,22.7134375032,22.9331626175,23.0233429027
25.2,-0.0394874697668,22.7134375032,22.9331626175,23.0233429027
25.3,-0.0459344036062,22.7134375032,22.9331626175,23.0233429027
25.4,-0.0394874697668,22.6901473869,22.9331626175,23.0233429027
25.5,-0.0326376025623,22.6901473869,22.9331626175,23.0233429027
25.6,-0.0326376025623,22.7134375032,22.9578916064,22.9986181763
25.7,-0.0459344036062,22.6901473869,22.9331626175,22.9986181763
25.8,-0.0326376025623,22.7134375032,22.9331626175,22.9986181763
25.9,-0.0261906687228,22.6901473869,22.9578916064,22.9986181763
26,-0.0326376025623,22.6901473869,22.9331626175,22.9986181763
26.1,-0.0326376025623,22.6901473869,22.9331626175,22.9986181763
26.2,-0.0394874697668,22.7134375032,22.9331626175,22.9986181763
26.3,-0.0326376025623,22.7134375032,22.9331626175,22.9986181763
26.4,-0.0326376025623,22.6901473869,22.9578916064,22.9986181763
26.5,-0.0326376025623,22.7134375032,22.9331626175,22.9986181763
26.6,-0.0394874697668,22.6901473869,22.9578916064,22.9986181763
26.7,-0.0326376025623,22.7134375032,22.9578916064,22.9986181763
26.8,-0.0326376025623,22.6901473869,22.9331626175,22.9986181763
26.9,-0.0326376025623,22.6901473869,22.9578916064,22.9986181763
27,-0.0394874697668,22.7134375032,22.9331626175,22.9986181763
27.1,-0.0261906687228,22.6901473869,22.9331626175,22.9986181763
27.2,-0.0326376025623,22.6901473869,22.9331626175,23.0233429027
27.3,-0.0394874697668,22.6901473869,22.9331626175,22.9986181763
27.4,-0.0326376025623,22.6901473869,22.9331626175,22.9986181763
27.5,-0.0326376025623,22.6901473869,22.9331626175,23.0233429027
27.6,-0.0326376025623,22.6901473869,22.9331626175,22.9986181763
27.7,-0.0326376025623,22.6901473869,22.9331626175,22.9986181763
27.8,-0.0326376025623,22.6901473869,22.9578916064,23.0233429027
27.9,-0.0326376025623,22.6901473869,22.9331626175,23.0233429027
28,-0.0326376025623,22.6901473869,22.9578916064,22.9986181763
28.1,-0.0326376025623,22.6901473869,22.9331626175,22.9986181763
28.2,-0.0261906687228,22.6901473869,22.9331626175,22.9986181763
28.3,-0.0326376025623,22.6901473869,22.9578916064,22.9986181763
28.4,-0.0459344036062,22.6901473869,22.9331626175,23.0233429027
28.5,-0.0326376025623,22.6901473869,22.9578916064,22.9986181763
28.6,-0.0394874697668,22.6901473869,22.9331626175,22.9986181763
28.7,-0.0326376025623,22.6901473869,22.9578916064,22.9986181763
28.8,-0.0394874697668,22.6901473869,22.9578916064,23.0233429027
28.9,-0.0261906687228,22.6901473869,22.9331626175,23.0233429027
29,-0.0326376025623,22.6901473869,22.9331626175,23.0233429027
29.1,-0.0261906687228,22.6901473869,22.9578916064,22.9986181763
29.2,-0.0394874697668,22.6901473869,22.9578916064,22.9986181763
29.3,-0.0394874697668,22.6901473869,22.9331626175,22.9986181763
29.4,-0.0326376025623,22.6901473869,22.9331626175,22.9986181763
29.5,-0.0394874697668,22.6901473869,22.9578916064,23.0233429027
29.6,-0.0394874697668,22.6901473869,22.9331626175,23.0233429027
29.7,-0.0394874697668,22.6901473869,22.9331626175,23.0233429027
29.8,-0.0326376025623,22.6901473869,22.9578916064,22.9986181763
29.9,-0.0326376025623,22.6901473869,22.9578916064,22.9986181763
30,-0.0326376025623,22.6901473869,22.9331626175,23.0233429027
30.1,-0.0326376025623,22.6901473869,22.9331626175,23.0233429027
30.2,-0.0394874697668,22.6901473869,22.9331626175,22.9986181763
30.3,-0.0326376025623,22.6901473869,22.9331626175,23.0233429027
30.4,-0.0326376025623,22.6901473869,22.9331626175,23.0233429027
30.5,-0.0326376025623,22.6901473869,22.9331626175,23.0233429027
30.6,-0.0326376025623,22.6901473869,22.9331626175,23.0233429027
30.7,-0.0326376025623,22.6901473869,22.9331626175,23.0233429027
30.8,-0.0326376025623,22.6901473869,22.9331626175,23.0233429027
30.9,-0.0326376025623,22.6901473869,22.9578916064,23.0233429027
31,-0.0394874697668,22.6901473869,22.9331626175,23.0233429027
31.1,-0.0394874697668,22.6901473869,22.9331626175,23.0233429027
31.2,-0.0261906687228,22.6901473869,22.9331626175,23.0233429027
31.3,-0.0326376025623,22.6901473869,22.9331626175,23.0233429027
31.4,-0.0261906687228,22.6901473869,22.9331626175,23.0233429027
31.5,-0.0326376025623,22.7134375032,22.9331626175,23.0233429027
31.6,-0.0326376025623,22.6901473869,22.9331626175,23.0233429027
31.7,-0.0326376025623,22.6901473869,22.9578916064,23.0233429027
31.8,-0.0261906687228,22.6901473869,22.9331626175,23.0233429027
31.9,-0.0326376025623,22.6901473869,22.9331626175,23.0233429027
32,-0.0326376025623,22.6901473869,22.9331626175,23.0233429027
32.1,-0.0326376025623,22.6901473869,22.9331626175,23.0233429027
32.2,-0.0394874697668,22.6901473869,22.9331626175,23.0233429027
32.3,-0.0326376025623,22.6901473869,22.9331626175,23.0233429027
32.4,-0.0261906687228,22.6901473869,22.9331626175,23.0233429027
32.5,-0.0326376025623,22.7134375032,22.9331626175,23.0233429027
32.6,-0.0326376025623,22.6901473869,22.9331626175,23.0233429027
32.7,-0.0326376025623,22.7134375032,22.9331626175,23.0233429027
32.8,-0.0326376025623,22.6901473869,22.9331626175,23.0233429027
32.9,-0.0326376025623,22.6901473869,22.9331626175,23.0233429027
33,-0.0394874697668,22.7134375032,22.9331626175,23.0233429027
33.1,-0.0326376025623,22.6901473869,22.9331626175,23.0233429027
33.2,-0.0326376025623,22.6901473869,22.9331626175,23.0233429027
33.3,-0.0326376025623,22.7134375032,22.9331626175,23.0233429027
33.4,-0.0326376025623,22.6901473869,22.9578916064,23.0233429027
33.5,-0.0326376025623,22.6901473869,22.9578916064,23.0233429027
33.6,-0.0326376025623,22.7134375032,22.9331626175,23.0233429027
33.7,-0.0326376025623,22.6901473869,22.9331626175,23.0233429027
33.8,-0.0326376025623,22.7134375032,22.9331626175,23.0233429027
33.9,-0.0326376025623,22.6901473869,22.9331626175,23.0466117864
34,-0.0197437348834,22.7134375032,22.9578916064,23.0233429027
34.1,-0.0261906687228,22.6901473869,22.9331626175,23.0233429027
34.2,-0.0261906687228,22.6901473869,22.9578916064,23.0233429027
34.3,-0.0394874697668,22.7134375032,22.9331626175,23.0233429027
34.4,-0.0394874697668,22.6901473869,22.9578916064,23.0233429027
34.5,-0.0326376025623,22.6901473869,22.9578916064,23.0466117864
34.6,-0.0326376025623,22.6901473869,22.9578916064,23.0233429027
34.7,-0.0394874697668,22.6901473869,22.9578916064,23.0233429027
34.8,-0.0261906687228,22.7134375032,22.9331626175,23.0233429027
34.9,-0.0394874697668,22.7134375032,22.9331626175,23.0233429027
35,-0.0261906687228,22.7134375032,22.9578916064,23.0466117864
35.1,-0.0326376025623,22.7134375032,22.9331626175,23.0233429027
35.2,-0.0326376025623,22.7134375032,22.9331626175,23.0233429027
35.3,-0.0326376025623,22.7134375032,22.9578916064,23.0466117864
35.4,-0.0261906687228,22.7134375032,22.9331626175,23.0466117864
35.5,-0.0326376025623,22.7134375032,22.9331626175,23.0466117864
35.6,-0.0326376025623,22.7134375032,22.9578916064,23.0233429027
35.7,-0.0326376025623,22.6901473869,22.9331626175,23.0233429027
35.8,-0.0394874697668,22.7134375032,22.9331626175,23.0466117864
35.9,-0.0326376025623,22.6901473869,22.9578916064,23.0233429027
36,-0.0459344036062,22.7134375032,22.9578916064,23.0466117864
36.1,0.0197437348834,22.7134375032,22.9331626175,23.0233429027
36.2,-0.0197437348834,22.7134375032,22.9578916064,23.0466117864
36.3,-0.0326376025623,22.6901473869,22.9331626175,23.0233429027
36.4,0.0991216077819,22.6901473869,22.9578916064,23.0466117864
36.5,0.0197437348834,22.7134375032,22.9331626175,23.0233429027
36.6,0.0394874697668,22.6901473869,22.9331626175,23.0233429027
36.7,-0.0394874697668,22.7134375032,22.9331626175,23.0233429027
36.8,-0.00644693383947,22.7134375032,22.9578916064,23.0233429027
36.9,0,22.6901473869,22.9578916064,23.0466117864
37,-0.0261906687228,22.7134375032,22.9331626175,23.0466117864
37.1,-0.0197437348834,22.7134375032,22.9578916064,23.0233429027
37.2,-0.0128938676789,22.7381815382,22.9578916064,23.0466117864
37.3,-0.0261906687228,22.7134375032,22.9578916064,23.0233429027
37.4,-0.085421873373,22.7134375032,22.9578916064,23.0466117864
37.5,-0.072528005694,22.7134375032,22.9578916064,23.0466117864
37.6,-0.0592312046501,22.7134375032,22.9578916064,23.0233429027
37.7,-0.0326376025623,22.7134375032,22.9578916064,23.0466117864
37.8,-0.0459344036062,22.7134375032,22.9578916064,23.0466117864
37.9,-0.0326376025623,22.7134375032,22.9578916064,23.0466117864
38,-0.0261906687228,22.7134375032,22.9578916064,23.0466117864
38.1,-0.0326376025623,22.7134375032,22.9578916064,23.0466117864
38.2,-0.0459344036062,22.7134375032,22.9578916064,23.0713334514
38.3,-0.0459344036062,22.7134375032,22.9578916064,23.0466117864
38.4,-0.0326376025623,22.7134375032,22.9578916064,23.0233429027
38.5,-0.0394874697668,22.7134375032,22.9578916064,23.0466117864
38.6,-0.0197437348834,22.7134375032,22.9578916064,23.0466117864
38.7,-0.0128938676789,22.7134375032,22.9578916064,23.0466117864
38.8,-0.0326376025623,22.7134375032,22.9578916064,23.0713334514
38.9,-0.0326376025623,22.7381815382,22.9578916064,23.0466117864
39,-0.0326376025623,22.7381815382,22.9578916064,23.0466117864
39.1,-0.0326376025623,22.7134375032,22.9578916064,23.0713334514
39.2,-0.0261906687228,22.7134375032,22.9578916064,23.0466117864
39.3,-0.0326376025623,22.7381815382,22.9578916064,23.0466117864
39.4,-0.0197437348834,22.7134375032,22.9578916064,23.0713334514
39.5,-0.0326376025623,22.7134375032,22.9578916064,23.0713334514
39.6,-0.0326376025623,22.7134375032,22.9578916064,23.0713334514
39.7,-0.0128938676789,22.7381815382,22.9578916064,23.0713334514
39.8,-0.0326376025623,22.7381815382,22.9578916064,23.0466117864
39.9,-0.0261906687228,22.7134375032,22.9578916064,23.0713334514
40,-0.0326376025623,22.7381815382,22.9578916064,23.0713334514
40.1,0.131759210344,22.7381815382,22.9578916064,23.0713334514
40.2,-0.0326376025623,22.7614684416,22.9578916064,23.0713334514
40.3,-0.0128938676789,22.7381815382,22.9578916064,23.0466117864
40.4,0.0132968010439,22.7381815382,22.9578916064,23.0713334514
40.5,0,22.7381815382,22.9578916064,23.0713334514
40.6,-0.00644693383947,22.7134375032,22.9578916064,23.0466117864
40.7,-0.00644693383947,22.7614684416,22.9578916064,23.0713334514
40.8,-0.00644693383947,22.7614684416,22.9811644668,23.0713334514
40.9,0.00684986720444,22.7381815382,22.9578916064,23.0713334514
41,0.00684986720444,22.7614684416,22.9578916064,23.0713334514
41.1,0,22.7614684416,22.9578916064,23.0713334514
41.2,-0.00644693383947,22.7614684416,22.9578916064,23.0713334514
41.3,-0.00644693383947,22.7614684416,22.9578916064,23.0713334514
41.4,-0.00644693383947,22.7614684416,22.9578916064,23.0713334514
41.5,-0.00644693383947,22.7614684416,22.9811644668,23.0713334514
41.6,-0.00644693383947,22.7381815382,22.9578916064,23.0713334514
41.7,0,22.7614684416,22.9578916064,23.0713334514
41.8,0,22.7614684416,22.9578916064,23.0713334514
41.9,0.00684986720444,22.7614684416,22.9578916064,23.0713334514
42,-0.00644693383947,22.7614684416,22.9578916064,23.0713334514
42.1,-0.00644693383947,22.7614684416,22.9811644668,23.0713334514
42.2,-0.0128938676789,22.7614684416,22.9578916064,23.0713334514
42.3,0.00684986720444,22.7614684416,22.9578916064,23.0713334514
42.4,-0.00644693383947,22.7614684416,22.9578916064,23.0713334514
42.5,0,22.7614684416,22.9578916064,23.0466117864
42.6,0,22.7614684416,22.9578916064,23.0713334514
42.7,-0.00644693383947,22.7614684416,22.9578916064,23.0713334514
42.8,-0.00644693383947,22.7614684416,22.9578916064,23.0713334514
42.9,-0.00644693383947,22.7862090904,22.9578916064,23.0713334514
43,-0.00644693383947,22.7614684416,22.9578916064,23.0713334514
43.1,-0.00644693383947,22.7614684416,22.9578916064,23.0713334514
43.2,-0.00644693383947,22.7614684416,22.9578916064,23.0713334514
43.3,0.0132968010439,22.7862090904,22.9578916064,23.0713334514
43.4,-0.00644693383947,22.7614684416,22.9578916064,23.0713334514
43.5,-0.00644693383947,22.7862090904,22.9578916064,23.0713334514
43.6,-0.00644693383947,22.7862090904,22.9578916064,23.0713334514
43.7,-0.00644693383947,22.7614684416,22.9578916064,23.0713334514
43.8,0.00684986720444,22.7614684416,22.9578916064,23.0713334514
43.9,0.00684986720444,22.7862090904,22.9578916064,23.0713334514
44,-0.00644693383947,22.7862090904,22.9578916064,23.0713334514
44.1,-0.0128938676789,22.7862090904,22.9578916064,23.0713334514
44.2,-0.00644693383947,22.7614684416,22.9578916064,23.0713334514
44.3,-0.0128938676789,22.7862090904,22.9578916064,23.0713334514
44.4,0,22.7862090904,22.9578916064,23.0713334514
44.5,0,22.7862090904,22.9578916064,23.0713334514
44.6,-0.00644693383947,22.7862090904,22.9331626175,23.0713334514
44.7,0,22.7862090904,22.9331626175,23.0713334514
44.8,-0.00644693383947,22.7862090904,22.9578916064,23.0713334514
44.9,0.0132968010439,22.7862090904,22.9331626175,23.0713334514
45,0,22.7862090904,22.9331626175,23.0713334514
45.1,-0.0128938676789,22.7862090904,22.9331626175,23.0713334514
45.2,0,22.7862090904,22.9331626175,23.0713334514
45.3,-0.00644693383947,22.7862090904,22.9331626175,23.0713334514
45.4,-0.00644693383947,22.7862090904,22.9331626175,23.0713334514
45.5,-0.00644693383947,22.7614684416,22.9331626175,23.0713334514
45.6,-0.00644693383947,22.7862090904,22.9578916064,23.0713334514
45.7,0,22.7862090904,22.9331626175,23.0713334514
45.8,-0.00644693383947,22.7862090904,22.9331626175,23.0713334514
45.9,-0.0128938676789,22.7862090904,22.9578916064,23.0466117864
46,-0.00644693383947,22.7862090904,22.9331626175,23.0713334514
46.1,-0.00644693383947,22.7862090904,22.9331626175,23.0713334514
46.2,-0.0128938676789,22.7862090904,22.9331626175,23.0713334514
46.3,0,22.7862090904,22.9331626175,23.0713334514
46.4,-0.00644693383947,22.7862090904,22.9578916064,23.0713334514
46.5,-0.00644693383947,22.7862090904,22.9331626175,23.0713334514
46.6,0.00684986720444,22.8094928327,22.9578916064,23.0713334514
46.7,-0.00644693383947,22.7862090904,22.9578916064,23.0713334514
46.8,-0.639052316837,22.7614684416,22.9811644668,23.0945994794
46.9,-5.41743909198,22.7862090904,22.885154601,23.1425813611
47,-5.3183174842,22.7862090904,22.9578916064,22.9986181763
47.1,-5.33161428524,22.8575107828,22.9578916064,23.0713334514
47.2,-5.34491108629,22.7614684416,23.0058903199,23.0945994794
47.3,-5.31187055036,22.7862090904,22.885154601,23.0945994794
47.4,-5.31187055036,22.8094928327,22.9578916064,22.9986181763
47.5,-5.30542361652,22.9055223983,22.9811644668,23.0945994794
47.6,-5.27883001443,22.7134375032,22.9578916064,23.1193181376
47.7,-5.27883001443,22.8094928327,22.885154601,23.0233429027
47.8,-5.27883001443,22.8342301501,22.9578916064,23.0713334514
47.9,-5.14062387025,22.7862090904,22.9811644668,23.0713334514
48,-5.17326147281,22.6901473869,22.9098867802,23.1425813611
48.1,-5.12088013536,22.8094928327,22.9578916064,22.9986181763
48.2,-5.1273270692,22.8342301501,22.9578916064,23.0713334514
48.3,-5.14707080409,22.7614684416,23.0058903199,23.0945994794
48.4,-5.12088013536,22.8094928327,22.9098867802,23.1425813611
48.5,-5.12088013536,22.8094928327,22.9578916064,22.9986181763
48.6,-5.14707080409,22.8807899264,22.9578916064,23.0713334514
48.7,-5.09428653328,22.7381815382,23.0058903199,23.1193181376
48.8,-5.11403026816,22.8094928327,22.885154601,23.0713334514
48.9,-5.05479906351,22.8094928327,22.9578916064,22.9986181763
49,-5.06124599735,22.8807899264,23.0058903199,23.0945994794
49.1,-5.0813926656,22.7134375032,22.9578916064,23.1425813611
49.2,-5.06809586455,22.8094928327,22.9098867802,23.0233429027
49.3,-5.0020147927,22.8342301501,22.9811644668,23.0945994794
49.4,-5.04835212967,22.7862090904,22.9811644668,23.0945994794
49.5,-5.02175852758,22.7381815382,22.9331626175,23.1672970668
49.6,-4.97582412398,22.7862090904,22.9578916064,23.0233429027
49.7,-5.04835212967,22.8575107828,22.9811644668,23.0945994794
49.8,-5.01531159374,22.7614684416,23.0291602547,23.1425813611
49.9,-4.96252732293,22.8094928327,22.9098867802,23.1425813611
50,-5.0020147927,22.8094928327,22.9578916064,23.0233429027
50.1,-4.93633665421,22.8807899264,23.0058903199,23.1193181376
50.2,-4.98912092502,22.7134375032,23.0058903199,23.1672970668
50.3,-4.96897425677,22.8094928327,22.885154601,23.0945994794
50.4,-4.929486787,22.8094928327,22.9578916064,23.0945994794
50.5,-4.93633665421,22.8342301501,23.0058903199,23.1425813611
50.6,-4.98227105782,22.6901473869,22.9578916064,23.2152703445
50.7,-4.96252732293,22.7862090904,22.9578916064,23.0713334514
50.8,-4.91659291933,22.8342301501,22.9811644668,23.1672970668
50.9,-4.94278358805,22.7614684416,23.0058903199,23.190557537
51,-4.93633665421,22.7862090904,22.9098867802,23.2152703445
51.1,-4.94923052189,22.8094928327,22.9578916064,23.0713334514
51.2,-4.929486787,22.8575107828,22.9578916064,23.190557537
51.3,-4.87025558235,22.7134375032,23.0058903199,23.190557537
51.4,-4.929486787,22.7862090904,22.885154601,23.1672970668
51.5,-4.89684918444,22.8094928327,22.9578916064,23.0945994794
51.6,-4.88999931724,22.8807899264,23.0058903199,23.190557537
51.7,-4.91659291933,22.6901473869,22.9578916064,23.2385281126
51.8,-4.89684918444,22.8094928327,22.9098867802,23.1425813611
51.9,-4.87670251619,22.8094928327,22.9578916064,23.190557537
52,-4.87025558235,22.7862090904,23.0058903199,23.190557537
52.1,-4.8835523834,22.7134375032,22.9331626175,23.2385281126
52.2,-4.8835523834,22.7862090904,22.9578916064,23.1193181376
52.3,-4.87025558235,22.8575107828,22.9811644668,23.190557537
52.4,-4.85695878131,22.7614684416,23.0058903199,23.2152703445
52.5,-4.87670251619,22.7862090904,22.9098867802,23.2385281126
52.6,-4.87025558235,22.8094928327,22.9811644668,23.1193181376
52.7,-4.85051184747,22.8807899264,22.9811644668,23.190557537
52.8,-4.85051184747,22.6901473869,22.9811644668,23.2632380761
52.9,-4.82432117875,22.7862090904,22.885154601,23.190557537
53,-4.82432117875,22.8094928327,22.9578916064,23.1672970668
53.1,-4.85051184747,22.8094928327,22.9811644668,23.2152703445
53.2,-4.8110243777,22.6901473869,22.9331626175,23.286493193
53.3,-4.79128064282,22.7862090904,22.9578916064,23.1672970668
53.4,-4.78443077562,22.8342301501,22.9811644668,23.2152703445
53.5,-4.8110243777,22.7614684416,23.0058903199,23.2385281126
53.6,-4.8110243777,22.7862090904,22.9331626175,23.286493193
53.7,-4.77798384178,22.7862090904,22.9578916064,23.1672970668
53.8,-4.80457744387,22.8575107828,22.9811644668,23.2385281126
53.9,-4.77153690794,22.7381815382,23.0058903199,23.2632380761
54,-4.78443077562,22.7862090904,22.9098867802,23.190557537
54.1,-4.77798384178,22.8094928327,22.9811644668,23.1672970668
54.2,-4.78443077562,22.8807899264,23.0058903199,23.2632380761
54.3,-4.75824010689,22.6901473869,22.9578916064,23.286493193
54.4,-4.75824010689,22.8094928327,22.9098867802,23.190557537
54.5,-4.75179317305,22.8094928327,22.9811644668,23.2632380761
54.6,-4.75179317305,22.7862090904,23.0058903199,23.2632380761
54.7,-4.76468704073,22.7134375032,22.9578916064,23.3344528835
54.8,-4.75179317305,22.7862090904,22.9811644668,23.2152703445
54.9,-4.70545583608,22.8342301501,22.9811644668,23.2632380761
55,-4.73849637201,22.7614684416,23.0291602547,23.286493193
55.1,-4.73204943817,22.7862090904,22.9331626175,23.3344528835
55.2,-4.71230570329,22.8094928327,22.9578916064,23.190557537
55.3,-4.70545583608,22.8807899264,22.9811644668,23.286493193
55.4,-4.71875263713,22.7134375032,23.0058903199,23.3344528835
55.5,-4.70545583608,22.8094928327,22.9331626175,23.2632380761
55.6,-4.71875263713,22.8094928327,22.9811644668,23.2632380761
55.7,-4.70545583608,22.8094928327,23.0058903199,23.3591573216
55.8,-4.71230570329,22.6901473869,22.9578916064,23.3824072891
55.9,-4.67241530016,22.7862090904,22.9578916064,23.286493193
56,-4.72519957097,22.8342301501,22.9811644668,23.3824072891
56.1,-4.67926516736,22.7614684416,23.0291602547,23.3824072891
56.2,-4.66596836632,22.7862090904,22.9331626175,23.4550556436
56.3,-4.67241530016,22.8094928327,23.0058903199,23.286493193
56.4,-4.6857121012,22.8807899264,23.0058903199,23.3824072891
56.5,-4.66596836632,22.7381815382,23.0524287895,23.4071090456
56.6,-4.66596836632,22.7862090904,22.9331626175,23.4071090456
56.7,-4.67926516736,22.8094928327,22.9811644668,23.3344528835
56.8,-4.65952143248,22.8807899264,23.0058903199,23.4303565147
56.9,-4.66596836632,22.6901473869,22.9578916064,23.478300665
57,-4.66596836632,22.7862090904,22.9331626175,23.4071090456
57.1,-4.67926516736,22.8094928327,23.0058903199,23.4550556436
57.2,-4.65267156527,22.7862090904,23.0524287895,23.478300665
57.3,-4.65952143248,22.7134375032,22.9578916064,23.5494813255
57.4,-4.67926516736,22.7862090904,23.0058903199,23.4071090456
57.5,-4.65267156527,22.8342301501,23.0058903199,23.478300665
57.6,-4.63292783039,22.7614684416,23.0524287895,23.5262398448
57.7,-4.64622463143,22.7862090904,22.9331626175,23.5494813255
57.8,-4.64622463143,22.8094928327,23.0058903199,23.4303565147
57.9,-4.61318409551,22.8807899264,23.0058903199,23.5262398448
58,-4.62648089655,22.7134375032,23.0524287895,23.5741741586
58.1,-4.60673716167,22.7862090904,22.9331626175,23.5262398448
58.2,-4.62003396271,22.8094928327,22.9811644668,23.478300665
58.3,-4.61318409551,22.8094928327,23.0524287895,23.5494813255
58.4,-4.62648089655,22.6901473869,22.9578916064,23.6453405988
58.5,-4.61318409551,22.7862090904,22.9811644668,23.5262398448
58.6,-4.62648089655,22.8342301501,23.0058903199,23.5741741586
58.7,-4.59988729446,22.7614684416,23.0524287895,23.6221037109
58.8,-4.62648089655,22.7862090904,22.9578916064,23.6700286059
58.9,-4.64622463143,22.7862090904,23.0058903199,23.5262398448
59,-4.55395289086,22.8342301501,23.0058903199,23.5974133176
59.1,-4.58699342678,22.7134375032,23.0524287895,23.6700286059
59.2,-4.59344036062,22.7862090904,22.9331626175,23.6221037109
59.3,-4.59344036062,22.7862090904,23.0058903199,23.5494813255
59.4,-4.59344036062,22.8575107828,23.0291602547,23.6700286059
59.5,-4.60673716167,22.6901473869,22.9578916064,23.7179489479
59.6,-4.57369662574,22.7862090904,22.9331626175,23.6453405988
59.7,-4.57369662574,22.8094928327,22.9811644668,23.6700286059
59.8,-4.57369662574,22.7614684416,23.0524287895,23.6932632733
59.9,-4.54750595702,22.6901473869,22.9578916064,23.7658648409
60,-4.57369662574,22.7862090904,22.9811644668,23.6221037109
60.1,-4.55395289086,22.8342301501,23.0058903199,23.7179489479
60.2,-4.5603998247,22.7134375032,23.0771500872,23.7411814452
60.3,-4.58014355958,22.7862090904,22.9578916064,23.7411814452
60.4,-4.57369662574,22.7862090904,23.0058903199,23.6453405988
60.5,-4.58014355958,22.8807899264,23.0291602547,23.7411814452
60.6,-4.5603998247,22.7134375032,23.0058903199,23.7658648409
60.7,-4.5603998247,22.7862090904,22.9331626175,23.7179489479
60.8,-4.58014355958,22.8094928327,23.0058903199,23.7411814452
60.9,-4.57369662574,22.7614684416,23.0524287895,23.7658648409
61,-4.55395289086,22.6901473869,22.9578916064,23.8370046973
61.1,-4.51446542109,22.7862090904,23.0058903199,23.7411814452
61.2,-4.54750595702,22.8342301501,23.0058903199,23.8137763889
61.3,-4.53420915597,22.7381815382,23.0524287895,23.8370046973
61.4,-4.53420915597,22.7862090904,22.9578916064,23.9095868654
61.5,-4.51446542109,22.7862090904,23.0058903199,23.7658648409
61.6,-4.54065608981,22.8575107828,23.0291602547,23.8616836958
61.7,-4.51446542109,22.7134375032,23.0524287895,23.9095868654
61.8,-4.52091235493,22.7862090904,22.9578916064,23.8616836958
61.9,-4.52091235493,22.7862090904,23.0058903199,23.8370046973
62,-4.51446542109,22.8575107828,23.0524287895,23.9328111862
62.1,-4.51446542109,22.6653999108,22.9811644668,24.005381207
62.2,-4.52091235493,22.7862090904,22.9578916064,23.9328111862
62.3,-4.53420915597,22.8094928327,23.0058903199,23.9574860013
62.4,-4.51446542109,22.7614684416,23.0771500872,24.005381207
62.5,-4.49472168621,22.7381815382,22.9811644668,24.1011602416
62.6,-4.51446542109,22.7862090904,23.0058903199,23.9574860013
62.7,-4.52091235493,22.8342301501,23.0291602547,24.053272586
62.8,-4.52091235493,22.7381815382,23.0771500872,24.1011602416
62.9,-4.47497795132,22.7862090904,22.9578916064,24.1011602416
63,-4.49472168621,22.7862090904,23.0291602547,24.005381207
63.1,-4.47497795132,22.8807899264,23.0524287895,24.1243771894
63.2,-4.46812808412,22.6901473869,23.0291602547,24.1490442772
63.3,-4.50116862005,22.7862090904,22.9578916064,24.053272586
63.4,-4.50116862005,22.8094928327,23.0291602547,24.1490442772
63.5,-4.46168115028,22.7862090904,23.0771500872,24.1490442772
63.6,-4.46812808412,22.6901473869,22.9811644668,24.2201383573
63.7,-4.48142488516,22.7862090904,23.0058903199,24.1011602416
63.8,-4.46168115028,22.8342301501,23.0524287895,24.1969247957
63.9,-4.487871819,22.7614684416,23.0771500872,24.2201383573
64,-4.47497795132,22.7862090904,22.9578916064,24.2680138437
64.1,-4.47497795132,22.8094928327,23.0524287895,24.1490442772
64.2,-4.46168115028,22.8807899264,23.0524287895,24.2448019003
64.3,-4.45523421644,22.7134375032,23.0771500872,24.315886069
64.4,-4.44838434923,22.7862090904,22.9578916064,24.2448019003
64.5,-4.45523421644,22.8094928327,23.0524287895,24.2448019003
64.6,-4.487871819,22.8342301501,23.0524287895,24.315886069
64.7,-4.44193741539,22.7134375032,23.0058903199,24.3637551359
64.8,-4.42864061435,22.7862090904,23.0058903199,24.315886069
64.9,-4.50116862005,22.8342301501,23.0524287895,24.3637551359
65,-4.49472168621,22.7614684416,23.0771500872,24.4116211472
65.1,-4.49472168621,22.7862090904,22.9811644668,24.4594842056
65.2,-4.48142488516,22.8094928327,23.0524287895,24.3405462793
65.3,-4.487871819,22.8807899264,23.0524287895,24.434827841
65.4,-4.50761555388,22.7614684416,23.0771500872,24.4826895045
65.5,-4.49472168621,22.8094928327,22.9578916064,24.434827841
65.6,-4.51446542109,22.8342301501,23.0291602547,24.4116211472
65.7,0.0132968010439,22.8342301501,23.0524287895,24.5073444134
65.8,-0.0197437348834,22.7862090904,23.0291602547,24.5073444134
65.9,-0.138206144184,22.8094928327,23.0058903199,24.5073444134
66,-0.0656781384896,22.8575107828,23.0524287895,24.5305483672
66.1,-0.171246680111,22.8094928327,23.0771500872,24.5305483672
66.2,-0.224030950922,22.8094928327,23.0524287895,24.5552018733
66.3,-0.237327751965,22.8342301501,23.0524287895,24.5305483672
66.4,-0.257071486849,22.8342301501,23.0524287895,24.5552018733
66.5,-0.263518420688,22.8094928327,23.0771500872,24.5784045315
66.6,-0.269965354528,22.8342301501,23.0291602547,24.6030566874
66.7,-0.283262155572,22.8094928327,23.0524287895,24.5784045315
66.8,-0.289709089411,22.8575107828,23.0771500872,24.6030566874
66.9,-0.276815221732,22.8094928327,23.0771500872,24.6030566874
67,-0.296558956616,22.8342301501,23.0058903199,24.6030566874
67.1,-0.289709089411,22.8342301501,23.0524287895,24.5784045315
67.2,-0.289709089411,22.8575107828,23.0771500872,24.6030566874
67.3,-0.303005890455,22.8094928327,23.0524287895,24.6030566874
67.4,-0.289709089411,22.8342301501,23.0771500872,24.6030566874
67.5,-0.296558956616,22.8342301501,23.0771500872,24.6030566874
67.6,-0.296558956616,22.8342301501,23.0771500872,24.6262580996
67.7,-0.309452824295,22.8342301501,23.0524287895,24.6262580996
67.8,-0.296558956616,22.8342301501,23.0524287895,24.6030566874
67.9,-0.303005890455,22.8807899264,23.0771500872,24.6262580996
68,-0.303005890455,22.8094928327,23.0771500872,24.6509089581
68.1,-0.309452824295,22.8342301501,23.0291602547,24.6262580996
68.2,-0.316302691499,22.8575107828,23.0771500872,24.6262580996
68.3,-0.303005890455,22.8575107828,23.0771500872,24.674109174
68.4,-0.316302691499,22.8094928327,23.0524287895,24.674109174
68.5,-0.322749625338,22.8575107828,23.0524287895,24.6262580996
68.6,-0.322749625338,22.8575107828,23.0771500872,24.6509089581
68.7,-0.322749625338,22.8342301501,23.0771500872,24.674109174
68.8,-0.316302691499,22.8342301501,23.0524287895,24.6987587875
68.9,-0.316302691499,22.8807899264,23.0771500872,24.6509089581
69,-0.322749625338,22.8807899264,23.0771500872,24.6987587875
69.1,-0.336046426382,22.8342301501,23.0771500872,24.6987587875
69.2,-0.329599492543,22.8807899264,23.0524287895,24.6987587875
69.3,-0.329599492543,22.8807899264,23.0771500872,24.6509089581
69.4,-0.329599492543,22.9055223983,23.0771500872,24.6987587875
69.5,-0.329599492543,22.8342301501,23.0524287895,24.7219578565
69.6,-0.322749625338,22.8807899264,23.0291602547,24.6987587875
69.7,-0.329599492543,22.8807899264,23.0524287895,24.7219578565
69.8,-0.329599492543,22.8575107828,23.0771500872,24.7219578565
69.9,-0.342493360222,22.8342301501,23.0524287895,24.7219578565
70,-0.336046426382,22.8807899264,23.0771500872,24.7219578565
70.1,-0.329599492543,22.8807899264,23.0771500872,24.7466062778
70.2,-0.336046426382,22.8575107828,23.0771500872,24.7466062778
70.3,-0.336046426382,22.8807899264,23.0291602547,24.7698042494
70.4,-0.336046426382,22.8807899264,23.0771500872,24.7466062778
70.5,-0.349343227426,22.9055223983,23.0771500872,24.7698042494
70.6,-0.355790161266,22.8342301501,23.0771500872,24.794451531
70.7,-0.342493360222,22.8575107828,23.0291602547,24.794451531
70.8,-0.362237095105,22.8807899264,23.0771500872,24.794451531
70.9,-0.342493360222,22.9055223983,23.0771500872,24.8176484546
71,-0.342493360222,22.8575107828,23.0771500872,24.8176484546
71.1,-0.355790161266,22.8807899264,23.0771500872,24.8176484546
71.2,-0.342493360222,22.9055223983,23.0771500872,24.8654905739
