3576.881,-25.241,0.000,0.000,0.000,12.450,20.323
3576.899,-25.241,0.000,0.000,0.000,12.450,20.323
3576.914,-25.240,0.000,0.000,0.000,12.450,20.323
3576.929,-25.241,0.000,0.000,0.000,12.450,20.323
3576.944,-25.241,0.000,0.000,0.000,12.450,20.323
3576.959,-25.241,0.000,0.000,0.000,12.450,20.323
3576.974,-25.240,0.000,0.000,0.000,12.450,20.323
3576.989,-25.241,0.000,0.000,0.000,12.450,20.323
3577.004,-25.241,0.000,0.000,0.000,12.450,20.323
3577.019,-25.241,0.000,0.000,0.000,12.450,20.323
3577.034,-25.241,0.000,0.000,0.000,12.450,20.323
3577.048,-25.241,0.000,0.000,0.000,12.450,20.323
3577.063,-25.241,0.000,0.000,0.000,12.450,20.323
3577.078,-25.241,0.000,0.000,0.000,12.450,20.323
3577.093,-25.241,0.000,0.000,0.000,12.450,20.323
3577.108,-25.241,0.000,0.000,0.000,12.450,20.323
3577.123,-25.241,0.000,0.000,0.000,12.450,20.323
3577.138,-25.241,0.000,0.000,0.000,12.450,20.323
3577.153,-25.241,0.000,0.000,0.000,12.450,20.323
3577.168,-25.241,0.000,0.000,0.000,12.450,20.323
3577.184,-25.241,0.000,0.000,0.000,12.450,20.323
3577.199,-25.241,0.000,0.000,0.000,12.450,20.323
3577.214,-25.241,0.000,0.000,0.000,12.450,20.323
3577.230,-25.240,0.000,0.000,0.000,12.450,20.323
3577.245,-25.241,0.000,0.000,0.000,12.450,20.323
3577.260,-25.241,0.000,0.000,0.000,12.450,20.323
3577.276,-25.241,0.000,0.000,0.000,12.450,20.323
3577.291,-25.241,0.000,0.000,0.000,12.450,20.323
3577.305,-25.241,0.000,0.000,0.000,12.450,20.323
3577.320,-25.241,0.000,0.000,0.000,12.450,20.323
3577.335,-25.241,0.000,0.000,0.000,12.450,20.323
3577.350,-25.241,0.000,0.000,0.000,12.450,20.323
3577.366,-25.241,0.000,0.000,0.000,12.450,20.323
3577.381,-25.241,0.000,0.000,0.000,12.450,20.323
3577.396,-25.241,0.000,0.000,0.000,12.450,20.323
3577.411,-25.241,0.000,0.000,0.000,12.450,20.323
3577.426,-25.241,0.000,0.000,0.000,12.450,20.323
3577.441,-25.241,0.000,0.000,0.000,12.450,20.323
3577.456,-25.241,0.000,0.000,0.000,12.450,20.323
3577.471,-25.241,0.000,0.000,0.000,12.450,20.323
3577.486,-25.241,0.000,0.000,0.000,12.450,20.323
3577.502,-25.241,0.000,0.000,0.000,12.450,20.323
3577.517,-25.241,0.000,0.000,0.000,12.450,20.323
3577.532,-25.241,0.000,0.000,0.000,12.450,20.323
3577.546,-25.241,0.000,0.000,0.000,12.450,20.323
3577.562,-25.240,0.000,0.000,0.000,12.450,20.323
3577.577,-25.241,0.000,0.000,0.000,12.450,20.323
3577.592,-25.241,0.000,0.000,0.000,12.450,20.323
3577.607,-25.241,0.000,0.000,0.000,12.450,20.323
3577.622,-25.241,0.000,0.000,0.000,12.450,20.323
3577.637,-25.241,0.000,0.000,0.000,12.450,20.323
3577.652,-25.241,0.000,0.000,0.000,12.450,20.323
3577.667,-25.241,0.000,0.000,0.000,12.450,20.323
3577.682,-25.241,0.000,0.000,0.000,12.450,20.323
3577.697,-25.241,0.000,0.000,0.000,12.450,20.323
3577.712,-25.241,0.000,0.000,0.000,12.450,20.323
3577.727,-25.241,0.000,0.000,0.000,12.450,20.323
3577.742,-25.241,0.000,0.000,0.000,12.450,20.323
3577.758,-25.241,0.000,0.000,0.000,12.450,20.323
3577.774,-25.241,0.000,0.000,0.000,12.450,20.323
3577.789,-25.241,0.000,0.000,0.000,12.450,20.323
3577.804,-25.241,0.000,0.000,0.000,12.450,20.323
3577.819,-25.241,0.000,0.000,0.000,12.450,20.323
3577.835,-25.241,0.000,0.000,0.000,12.450,20.323
3577.850,-25.241,0.000,0.000,0.000,12.450,20.323
3577.865,-25.241,0.000,0.000,0.000,12.450,20.323
3577.880,-25.241,0.000,0.000,0.000,12.450,20.323
3577.895,-25.241,0.000,0.000,0.000,12.450,20.323
3577.910,-25.241,0.000,0.000,0.000,12.450,20.323
3577.926,-25.241,0.000,0.000,0.000,12.450,20.323
3577.942,-25.241,0.000,0.000,0.000,12.450,20.323
3577.958,-25.241,0.000,0.000,0.000,12.450,20.323
3577.973,-25.241,0.000,0.000,0.000,12.450,20.323
3577.988,-25.241,0.000,0.000,0.000,12.450,20.323
3578.003,-25.241,0.000,0.000,0.000,12.450,20.323
3578.017,-25.241,0.000,0.000,0.000,12.450,20.323
3578.032,-25.241,0.000,0.000,0.000,12.450,20.323
3578.047,-25.241,0.000,0.000,0.000,12.450,20.323
3578.062,-25.241,0.000,0.000,0.000,12.450,20.323
3578.078,-25.241,0.000,0.000,0.000,12.450,20.323
3578.093,-25.241,0.000,0.000,0.000,12.450,20.323
3578.108,-25.241,0.000,0.000,0.000,12.450,20.323
3578.123,-25.241,0.000,0.000,0.000,12.450,20.323
3578.138,-25.241,0.000,0.000,0.000,12.450,20.323
3578.153,-25.241,0.000,0.000,0.000,12.450,20.323
3578.168,-25.241,0.000,0.000,0.000,12.450,20.323
3578.183,-25.241,0.000,0.000,0.000,12.450,20.323
3578.199,-25.241,0.000,0.000,0.000,12.450,20.323
3578.214,-25.241,0.000,0.000,0.000,12.450,20.323
3578.229,-25.241,0.000,0.000,0.000,12.450,20.323
3578.243,-25.241,0.000,0.000,0.000,12.450,20.323
3578.258,-25.241,0.000,0.000,0.000,12.450,20.323
3578.274,-25.241,0.000,0.000,0.000,12.450,20.323
3578.290,-25.241,0.000,0.000,0.000,12.450,20.323
3578.305,-25.241,0.000,0.000,0.000,12.450,20.323
3578.320,-25.241,0.000,0.000,0.000,12.450,20.323
3578.335,-25.241,0.000,0.000,0.000,12.450,20.323
3578.350,-25.241,0.000,0.000,0.000,12.450,20.323
3578.365,-25.241,0.000,0.000,0.000,12.450,20.323
3578.380,-25.241,0.000,0.000,0.000,12.450,20.323
3578.395,-25.241,0.000,0.000,0.000,12.450,20.323
3578.410,-25.241,0.000,0.000,0.000,12.450,20.323
3578.425,-25.241,0.000,0.000,0.000,12.450,20.323
3578.440,-25.241,0.000,0.000,0.000,12.450,20.323
3578.455,-25.241,0.000,0.000,0.000,12.450,20.323
3578.469,-25.241,0.000,0.000,0.000,12.450,20.323
3578.484,-25.241,0.000,0.000,0.000,12.450,20.323
3578.499,-25.241,0.000,0.000,0.000,12.450,20.323
3578.515,-25.241,0.000,0.000,0.000,12.450,20.323
3578.530,-25.240,0.000,0.000,0.000,12.450,20.323
3578.545,-25.241,0.000,0.000,0.000,12.450,20.323
3578.560,-25.241,0.000,0.000,0.000,12.450,20.323
3578.575,-25.241,0.000,0.000,0.000,12.450,20.323
3578.591,-25.241,0.000,0.000,0.000,12.450,20.323
3578.606,-25.241,0.000,0.000,0.000,12.450,20.323
3578.621,-25.241,0.000,0.000,0.000,12.450,20.323
3578.636,-25.241,0.000,0.000,0.000,12.450,20.323
3578.651,-25.241,0.000,0.000,0.000,12.450,20.323
3578.665,-25.241,0.000,0.000,0.000,12.450,20.323
3578.680,-25.241,0.000,0.000,0.000,12.450,20.323
3578.695,-25.241,0.000,0.000,0.000,12.450,20.323
3578.710,-25.241,0.000,0.000,0.000,12.450,20.323
3578.727,-25.241,0.000,0.000,0.000,12.450,20.323
3578.742,-25.241,0.000,0.000,0.000,12.450,20.323
3578.757,-25.241,0.000,0.000,0.000,12.450,20.323
3578.772,-25.241,0.000,0.000,0.000,12.450,20.323
3578.787,-25.241,0.000,0.000,0.000,12.450,20.323
3578.803,-25.241,0.000,0.000,0.000,12.450,20.968
3578.818,-25.241,0.000,0.000,0.000,12.450,20.968
3578.833,-25.241,0.000,0.000,0.000,12.450,20.968
3578.848,-25.240,0.000,0.000,0.000,12.450,20.968
3578.864,-25.241,0.000,0.000,0.000,12.450,20.968
3578.879,-25.241,0.000,0.000,0.000,12.450,20.968
3578.894,-25.241,0.000,0.000,0.000,12.450,20.968
3578.909,-25.241,0.000,0.000,0.000,12.450,20.968
3578.924,-25.241,0.000,0.000,0.000,12.450,20.323
3578.939,-25.241,0.000,0.000,0.000,12.450,20.323
3578.954,-25.241,0.000,0.000,0.000,12.450,20.323
3578.969,-25.241,0.000,0.000,0.000,12.450,20.323
3578.984,-25.241,0.000,0.000,0.000,12.450,20.323
3578.998,-25.241,0.000,0.000,0.000,12.450,20.323
3579.013,-25.241,0.000,0.000,0.000,12.450,20.323
3579.028,-25.241,0.000,0.000,0.000,12.450,20.323
3579.043,-25.241,0.000,0.000,0.000,12.450,20.968
3579.058,-25.241,0.000,0.000,0.000,12.450,20.968
3579.073,-25.241,0.000,0.000,0.000,12.450,20.968
3579.089,-25.241,0.000,0.000,0.000,12.450,20.968
3579.104,-25.241,0.000,0.000,0.000,12.450,20.968
3579.119,-25.241,0.000,0.000,0.000,12.450,20.968
3579.135,-25.241,0.000,0.000,0.000,12.450,20.968
3579.150,-25.241,0.000,0.000,0.000,12.450,20.968
3579.165,-25.241,0.000,0.000,0.000,12.450,20.323
3579.180,-25.241,0.000,0.000,0.000,12.450,20.323
3579.195,-25.241,0.000,0.000,0.000,12.450,20.323
3579.210,-25.241,0.000,0.000,0.000,12.450,20.323
3579.225,-25.241,0.000,0.000,0.000,12.450,20.323
3579.240,-25.241,0.000,0.000,0.000,12.450,20.323
3579.255,-25.241,0.000,0.000,0.000,12.450,20.323
3579.269,-25.241,0.000,0.000,0.000,12.450,20.323
3579.284,-25.241,0.000,0.000,0.000,12.450,20.968
3579.299,-25.241,0.000,0.000,0.000,12.450,20.968
3579.314,-25.241,0.000,0.000,0.000,12.450,20.968
3579.329,-25.241,0.000,0.000,0.000,12.450,20.968
3579.344,-25.241,0.000,0.000,0.000,12.450,20.968
3579.360,-25.241,0.000,0.000,0.000,12.450,20.968
3579.375,-25.241,0.000,0.000,0.000,12.450,20.968
3579.390,-25.241,0.000,0.000,0.000,12.450,20.968
3579.405,-25.241,0.000,0.000,0.000,12.450,20.968
3579.420,-25.241,0.000,0.000,0.000,12.450,20.968
3579.436,-25.241,0.000,0.000,0.000,12.450,20.968
3579.451,-25.241,0.000,0.000,0.000,12.450,20.968
3579.466,-25.241,0.000,0.000,0.000,12.450,20.968
3579.481,-25.241,0.000,0.000,0.000,12.450,20.968
3579.497,-25.241,0.000,0.000,0.000,12.450,20.968
3579.512,-25.240,0.000,0.000,0.000,12.450,20.968
3579.527,-25.240,0.000,0.000,0.000,12.450,20.968
3579.541,-25.241,0.000,0.000,0.000,12.450,20.968
3579.556,-25.241,0.000,0.000,0.000,12.450,20.968
3579.571,-25.241,0.000,0.000,0.000,12.450,20.968
3579.586,-25.241,0.000,0.000,0.000,12.450,20.968
3579.602,-25.241,0.000,0.000,0.000,12.450,20.968
3579.617,-25.241,0.000,0.000,0.000,12.450,20.968
3579.632,-25.241,0.000,0.000,0.000,12.450,20.968
3579.647,-25.241,0.000,0.000,0.000,12.450,20.968
3579.663,-25.241,0.000,0.000,0.000,12.450,20.968
3579.679,-25.241,0.000,0.000,0.000,12.450,20.968
3579.695,-25.241,0.000,0.000,0.000,12.450,20.968
3579.710,-25.241,0.000,0.000,0.000,12.450,20.968
3579.726,-25.241,0.000,0.000,0.000,12.450,20.968
3579.741,-25.241,0.000,0.000,0.000,12.450,20.968
3579.756,-25.241,0.000,0.000,0.000,12.450,20.968
3579.771,-25.241,0.000,0.000,0.000,12.450,20.968
3579.787,-25.241,0.000,0.000,0.000,12.450,20.968
3579.802,-25.241,0.000,0.000,0.000,12.450,20.968
3579.818,-25.241,0.000,0.000,0.000,12.450,20.968
3579.833,-25.241,0.000,0.000,0.000,12.450,20.968
3579.847,-25.241,0.000,0.000,0.000,12.450,20.968
3579.862,-25.241,0.000,0.000,0.000,12.450,20.968
3579.878,-25.241,0.000,0.000,0.000,12.450,20.968
3579.894,-25.241,0.000,0.000,0.000,12.450,20.968
3579.910,-25.241,0.000,0.000,0.000,12.450,20.968
3579.926,-25.241,0.000,0.000,0.000,12.450,20.968
3579.941,-25.241,0.000,0.000,0.000,12.450,20.968
3579.957,-25.241,0.000,0.000,0.000,12.450,20.968
3579.973,-25.241,0.000,0.000,0.000,12.450,20.968
3579.989,-25.241,0.000,0.000,0.000,12.450,20.968
3580.005,-25.241,0.000,0.000,0.000,12.450,20.968
3580.020,-25.241,0.000,0.000,0.000,12.450,20.968
3580.036,-25.240,0.000,0.000,0.000,12.450,20.968
3580.052,-25.240,0.000,0.000,0.000,12.450,20.968
3580.068,-25.240,0.000,0.000,0.000,12.450,20.968
3580.084,-25.241,0.000,0.000,0.000,12.450,20.968
3580.099,-25.241,0.000,0.000,0.000,12.450,20.968
3580.115,-25.241,0.000,0.000,0.000,12.450,20.968
3580.131,-25.241,0.000,0.000,0.000,12.450,20.968
3580.147,-25.241,0.000,0.000,0.000,12.450,20.968
3580.163,-25.241,0.000,0.000,0.000,12.450,20.968
3580.178,-25.241,0.000,0.000,0.000,12.450,20.968
3580.194,-25.241,0.000,0.000,0.000,12.450,20.968
3580.210,-25.241,0.000,0.000,0.000,12.450,20.968
3580.226,-25.241,0.000,0.000,0.000,12.450,20.968
3580.242,-25.241,0.000,0.000,0.000,12.450,20.968
3580.257,-25.241,0.000,0.000,0.000,12.450,20.968
3580.273,-25.241,0.000,0.000,0.000,12.450,20.968
3580.289,-25.241,0.000,0.000,0.000,12.450,20.968
3580.305,-25.241,0.000,0.000,0.000,12.450,20.968
3580.321,-25.241,0.000,0.000,0.000,12.450,20.968
3580.336,-25.241,0.000,0.000,0.000,12.450,20.968
3580.352,-25.241,0.000,0.000,0.000,12.450,20.968
3580.368,-25.241,0.000,0.000,0.000,12.450,20.968
3580.384,-25.241,0.000,0.000,0.000,12.450,20.968
3580.399,-25.241,0.000,0.000,0.000,12.450,20.968
3580.415,-25.241,0.000,0.000,0.000,12.450,20.968
3580.431,-25.241,0.000,0.000,0.000,12.450,20.968
3580.447,-25.241,0.000,0.000,0.000,12.450,20.968
3580.463,-25.241,0.000,0.000,0.000,12.450,20.968
3580.478,-25.241,0.000,0.000,0.000,12.450,20.968
3580.494,-25.241,0.000,0.000,0.000,12.450,20.968
3580.510,-25.241,0.000,0.000,0.000,12.450,20.968
3580.526,-25.241,0.000,0.000,0.000,12.450,20.968
3580.541,-25.241,0.000,0.000,0.000,12.450,20.968
3580.557,-25.240,0.000,0.000,0.000,12.450,20.968
3580.573,-25.240,0.000,0.000,0.000,12.450,20.968
3580.589,-25.241,0.000,0.000,0.000,12.450,20.968
3580.605,-25.241,0.000,0.000,0.000,12.450,20.968
3580.620,-25.241,0.000,0.000,0.000,12.450,20.968
3580.636,-25.241,0.000,0.000,0.000,12.450,20.968
3580.652,-25.241,0.000,0.000,0.000,12.450,20.968
3580.668,-25.241,0.000,0.000,0.000,12.450,20.968
3580.683,-25.241,0.000,0.000,0.000,12.450,20.968
3580.699,-25.241,0.000,0.000,0.000,12.450,20.968
3580.715,-25.241,0.000,0.000,0.000,12.450,20.968
3580.730,-25.241,0.000,0.000,0.000,12.450,20.968
3580.746,-25.241,0.000,0.000,0.000,12.450,20.968
3580.761,-25.241,0.000,0.000,0.000,12.450,20.968
3580.777,-25.241,0.000,0.000,0.000,12.450,20.968
3580.793,-25.241,0.000,0.000,0.000,12.450,20.968
3580.809,-25.241,0.000,0.000,0.000,12.450,20.968
3580.825,-25.241,0.000,0.000,0.000,12.450,20.968
3580.840,-25.241,0.000,0.000,0.000,12.450,20.968
3580.856,-25.241,0.000,0.000,0.000,12.450,20.968
3580.872,-25.241,0.000,0.000,0.000,12.450,20.968
3580.888,-25.241,0.000,0.000,0.000,12.450,20.968
3580.903,-25.241,0.000,0.000,0.000,12.450,20.968
3580.919,-25.241,0.000,0.000,0.000,12.450,20.968
3580.935,-25.241,0.000,0.000,0.000,12.450,20.968
3580.951,-25.241,0.000,0.000,0.000,12.450,20.968
3580.966,-25.241,0.000,0.000,0.000,12.450,20.968
3580.982,-25.241,0.000,0.000,0.000,12.450,20.968
3580.998,-25.241,0.000,0.000,0.000,12.450,20.968
3581.014,-25.241,0.000,0.000,0.000,12.450,20.968
3581.030,-25.241,0.000,0.000,0.000,12.450,20.968
3581.045,-25.241,0.000,0.000,0.000,12.450,20.968
3581.061,-25.241,0.000,0.000,0.000,12.450,20.968
3581.077,-25.241,0.000,0.000,0.000,12.450,20.968
3581.093,-25.241,0.000,0.000,0.000,12.450,20.968
3581.108,-25.241,0.000,0.000,0.000,12.450,20.968
3581.124,-25.241,0.000,0.000,0.000,12.450,20.968
3581.140,-25.241,0.000,0.000,0.000,12.450,20.968
3581.156,-25.241,0.000,0.000,0.000,12.450,20.968
3581.171,-25.240,0.000,0.000,0.000,12.450,20.968
3581.187,-25.241,0.000,0.000,0.000,12.450,20.968
3581.203,-25.241,0.000,0.000,0.000,12.450,20.968
3581.219,-25.241,0.000,0.000,0.000,12.450,20.968
3581.235,-25.241,0.000,0.000,0.000,12.450,20.968
3581.250,-25.241,0.000,0.000,0.000,12.450,20.968
3581.266,-25.241,0.000,0.000,0.000,12.450,20.968
3581.282,-25.241,0.000,0.000,0.000,12.450,20.968
3581.298,-25.241,0.000,0.000,0.000,12.450,20.968
3581.314,-25.241,0.000,0.000,0.000,12.450,20.968
3581.329,-25.241,0.000,0.000,0.000,12.450,20.968
3581.345,-25.241,0.000,0.000,0.000,12.450,20.968
3581.361,-25.241,0.000,0.000,0.000,12.450,20.968
3581.377,-25.241,0.000,0.000,0.000,12.450,20.968
3581.392,-25.241,0.000,0.000,0.000,12.450,20.968
3581.408,-25.241,0.000,0.000,0.000,12.450,20.968
3581.424,-25.241,0.000,0.000,0.000,12.450,20.968
3581.440,-25.241,0.000,0.000,0.000,12.450,20.968
3581.456,-25.241,0.000,0.000,0.000,12.450,20.968
3581.471,-25.241,0.000,0.000,0.000,12.450,20.968
3581.487,-25.241,0.000,0.000,0.000,12.450,20.968
3581.503,-25.241,0.000,0.000,0.000,12.450,20.968
3581.519,-25.241,0.000,0.000,0.000,12.450,20.968
3581.534,-25.241,0.000,0.000,0.000,12.450,20.968
3581.550,-25.241,0.000,0.000,0.000,12.450,20.968
3581.566,-25.241,0.000,0.000,0.000,12.450,20.968
3581.582,-25.241,0.000,0.000,0.000,12.450,20.968
3581.598,-25.241,0.000,0.000,0.000,12.450,20.968
3581.613,-25.241,0.000,0.000,0.000,12.450,20.968
3581.629,-25.241,0.000,0.000,0.000,12.450,20.968
3581.645,-25.241,0.000,0.000,0.000,12.450,20.968
3581.661,-25.241,0.000,0.000,0.000,12.450,20.968
3581.676,-25.241,0.000,0.000,0.000,12.450,20.968
3581.692,-25.241,0.000,0.000,0.000,12.450,20.968
3581.708,-25.241,0.000,0.000,0.000,12.450,20.968
3581.724,-25.241,0.000,0.000,0.000,12.450,20.968
3581.740,-25.241,0.000,0.000,0.000,12.450,20.968
3581.756,-25.241,0.000,0.000,0.000,12.450,20.968
3581.771,-25.241,0.000,0.000,0.000,12.450,20.968
3581.787,-25.241,0.000,0.000,0.000,12.450,20.968
3581.803,-25.241,0.000,0.000,0.000,12.450,20.968
3581.819,-25.241,0.000,0.000,0.000,12.450,20.968
3581.834,-25.241,0.000,0.000,0.000,12.450,20.968
3581.850,-25.241,0.000,0.000,0.000,12.450,20.968
3581.866,-25.241,0.000,0.000,0.000,12.450,20.968
3581.882,-25.241,0.000,0.000,0.000,12.450,20.968
3581.897,-25.241,0.000,0.000,0.000,12.450,20.968
3581.913,-25.241,0.000,0.000,0.000,12.450,20.968
3581.929,-25.241,0.000,0.000,0.000,12.450,20.968
3581.945,-25.240,0.000,0.000,0.000,12.450,20.968
3581.961,-25.240,0.000,0.000,0.000,12.450,20.968
3581.976,-25.241,0.000,0.000,0.000,12.450,20.968
3581.992,-25.241,0.000,0.000,0.000,12.450,20.968
3582.008,-25.241,0.000,0.000,0.000,12.450,20.968
3582.024,-25.241,0.000,0.000,0.000,12.450,20.968
3582.040,-25.241,0.000,0.000,0.000,12.450,20.968
3582.055,-25.241,0.000,0.000,0.000,12.450,20.968
3582.071,-25.241,0.000,0.000,0.000,12.450,20.968
3582.087,-25.241,0.000,0.000,0.000,12.450,20.968
3582.103,-25.241,0.000,0.000,0.000,12.450,20.968
3582.119,-25.241,0.000,0.000,0.000,12.450,20.968
3582.134,-25.241,0.000,0.000,0.000,12.450,20.968
3582.150,-25.241,0.000,0.000,0.000,12.450,20.968
3582.166,-25.241,0.000,0.000,0.000,12.450,20.968
3582.182,-25.241,0.000,0.000,0.000,12.450,20.968
3582.197,-25.241,0.000,0.000,0.000,12.450,20.968
3582.213,-25.241,0.000,0.000,0.000,12.450,20.968
3582.229,-25.241,0.000,0.000,0.000,12.450,20.968
3582.245,-25.241,0.000,0.000,0.000,12.450,20.968
3582.261,-25.241,0.000,0.000,0.000,12.450,20.968
3582.276,-25.241,0.000,0.000,0.000,12.450,20.968
3582.292,-25.241,0.000,0.000,0.000,12.450,20.968
3582.308,-25.241,0.000,0.000,0.000,12.450,20.968
3582.324,-25.241,0.000,0.000,0.000,12.450,20.968
3582.340,-25.241,0.000,0.000,0.000,12.450,20.968
3582.355,-25.241,0.000,0.000,0.000,12.450,20.968
3582.371,-25.241,0.000,0.000,0.000,12.450,20.968
3582.387,-25.241,0.000,0.000,0.000,12.450,20.968
3582.403,-25.241,0.000,0.000,0.000,12.450,20.968
3582.418,-25.241,0.000,0.000,0.000,12.450,20.968
3582.434,-25.241,0.000,0.000,0.000,12.450,20.968
3582.450,-25.241,0.000,0.000,0.000,12.450,20.968
3582.466,-25.241,0.000,0.000,0.000,12.450,20.968
3582.481,-25.241,0.000,0.000,0.000,12.450,20.968
3582.497,-25.241,0.000,0.000,0.000,12.450,20.968
3582.513,-25.241,0.000,0.000,0.000,12.450,20.968
3582.529,-25.241,0.000,0.000,0.000,12.450,20.968
3582.544,-25.241,0.000,0.000,0.000,12.450,20.968
3582.560,-25.241,0.000,0.000,0.000,12.450,20.968
3582.576,-25.241,0.000,0.000,0.000,12.450,20.968
3582.592,-25.241,0.000,0.000,0.000,12.450,20.968
3582.608,-25.241,0.000,0.000,0.000,12.450,20.968
3582.623,-25.241,0.000,0.000,0.000,12.450,20.968
3582.639,-25.241,0.000,0.000,0.000,12.450,20.968
3582.655,-25.241,0.000,0.000,0.000,12.450,20.968
3582.671,-25.240,0.000,0.000,0.000,12.450,20.968
3582.686,-25.241,0.000,0.000,0.000,12.450,20.968
3582.702,-25.241,0.000,0.000,0.000,12.450,20.968
3582.718,-25.241,0.000,0.000,0.000,12.450,20.968
3582.734,-25.241,0.000,0.000,0.000,12.450,20.968
3582.750,-25.241,0.000,0.000,0.000,12.450,20.968
3582.765,-25.241,0.000,0.000,0.000,12.450,20.968
3582.781,-25.241,0.000,0.000,0.000,12.450,20.968
3582.797,-25.241,0.000,0.000,0.000,12.450,20.968
3582.813,-25.241,0.000,0.000,0.000,12.450,20.968
3582.829,-25.241,0.000,0.000,0.000,12.450,20.968
3582.844,-25.241,0.000,0.000,0.000,12.450,20.968
3582.860,-25.241,0.000,0.000,0.000,12.450,20.968
3582.876,-25.241,0.000,0.000,0.000,12.450,20.968
3582.892,-25.241,0.000,0.000,0.000,12.450,20.968
3582.907,-25.241,0.000,0.000,0.000,12.450,20.968
3582.923,-25.241,0.000,0.000,0.000,12.450,20.968
3582.939,-25.241,0.000,0.000,0.000,12.450,20.968
3582.955,-25.241,0.000,0.000,0.000,12.450,20.968
3582.971,-25.241,0.000,0.000,0.000,12.450,20.968
3582.986,-25.241,0.000,0.000,0.000,12.450,20.968
3583.002,-25.241,0.000,0.000,0.000,12.450,20.968
3583.018,-25.241,0.000,0.000,0.000,12.450,20.968
3583.034,-25.241,0.000,0.000,0.000,12.450,20.968
3583.050,-25.241,0.000,0.000,0.000,12.450,20.968
3583.066,-25.241,0.000,0.000,0.000,12.450,20.968
3583.081,-25.241,0.000,0.000,0.000,12.450,20.968
3583.097,-25.241,0.000,0.000,0.000,12.450,20.968
3583.113,-25.241,0.000,0.000,0.000,12.450,20.968
3583.129,-25.241,0.000,0.000,0.000,12.450,20.968
3583.144,-25.241,0.000,0.000,0.000,12.450,20.968
3583.160,-25.241,0.000,0.000,0.000,12.450,20.968
3583.176,-25.241,0.000,0.000,0.000,12.450,20.968
3583.192,-25.241,0.000,0.000,0.000,12.450,20.968
3583.208,-25.241,0.000,0.000,0.000,12.450,20.968
3583.223,-25.241,0.000,0.000,0.000,12.450,20.968
3583.239,-25.241,0.000,0.000,0.000,12.450,20.968
3583.255,-25.241,0.000,0.000,0.000,12.450,20.968
3583.271,-25.241,0.000,0.000,0.000,12.450,20.968
3583.286,-25.241,0.000,0.000,0.000,12.450,20.968
3583.302,-25.241,0.000,0.000,0.000,12.450,20.968
3583.318,-25.240,0.000,0.000,0.000,12.450,20.968
3583.334,-25.241,0.000,0.000,0.000,12.450,20.968
3583.350,-25.241,0.000,0.000,0.000,12.450,20.968
3583.365,-25.241,0.000,0.000,0.000,12.450,20.968
3583.381,-25.241,0.000,0.000,0.000,12.450,20.968
3583.397,-25.241,0.000,0.000,0.000,12.450,20.968
3583.413,-25.241,0.000,0.000,0.000,12.450,20.968
3583.429,-25.241,0.000,0.000,0.000,12.450,20.968
3583.444,-25.241,0.000,0.000,0.000,12.450,20.968
3583.460,-25.241,0.000,0.000,0.000,12.450,20.968
3583.476,-25.241,0.000,0.000,0.000,12.450,20.968
3583.492,-25.241,0.000,0.000,0.000,12.450,20.968
3583.508,-25.241,0.000,0.000,0.000,12.450,20.968
3583.523,-25.241,0.000,0.000,0.000,12.450,20.968
3583.539,-25.241,0.000,0.000,0.000,12.450,20.968
3583.555,-25.241,0.000,0.000,0.000,12.450,20.968
3583.571,-25.241,0.000,0.000,0.000,12.450,20.968
3583.586,-25.241,0.000,0.000,0.000,12.450,20.968
3583.602,-25.241,0.000,0.000,0.000,12.450,20.968
3583.618,-25.241,0.000,0.000,0.000,12.450,20.968
3583.634,-25.241,0.000,0.000,0.000,12.450,20.968
3583.650,-25.241,0.000,0.000,0.000,12.450,20.968
3583.665,-25.241,0.000,0.000,0.000,12.450,20.968
3583.681,-25.241,0.000,0.000,0.000,12.450,20.968
3583.697,-25.241,0.000,0.000,0.000,12.450,20.968
3583.713,-25.241,0.000,0.000,0.000,12.450,20.968
3583.728,-25.241,0.000,0.000,0.000,12.450,20.968
3583.744,-25.241,0.000,0.000,0.000,12.450,20.968
3583.760,-25.241,0.000,0.000,0.000,12.450,20.968
3583.776,-25.241,0.000,0.000,0.000,12.450,20.968
3583.792,-25.241,0.000,0.000,0.000,12.450,20.968
3583.807,-25.241,0.000,0.000,0.000,12.450,20.968
3583.823,-25.241,0.000,0.000,0.000,12.450,20.968
3583.839,-25.240,0.000,0.000,0.000,12.450,20.968
3583.855,-25.241,0.000,0.000,0.000,12.450,20.968
3583.871,-25.241,0.000,0.000,0.000,12.450,20.968
3583.886,-25.241,0.000,0.000,0.000,12.450,20.968
3583.902,-25.241,0.000,0.000,0.000,12.450,20.968
3583.918,-25.241,0.000,0.000,0.000,12.450,20.968
3583.934,-25.241,0.000,0.000,0.000,12.450,20.968
3583.949,-25.241,0.000,0.000,0.000,12.450,20.968
3583.965,-25.241,0.000,0.000,0.000,12.450,20.968
3583.981,-25.241,0.000,0.000,0.000,12.450,20.968
3583.997,-25.241,0.000,0.000,0.000,12.450,20.968
3584.012,-25.241,0.000,0.000,0.000,12.450,20.968
3584.028,-25.241,0.000,0.000,0.000,12.450,20.968
3584.044,-25.241,0.000,0.000,0.000,12.450,20.968
3584.060,-25.241,0.000,0.000,0.000,12.450,20.968
3584.076,-25.241,0.000,0.000,0.000,12.450,20.968
3584.091,-25.241,0.000,0.000,0.000,12.450,20.968
3584.107,-25.241,0.000,0.000,0.000,12.450,20.968
3584.123,-25.241,0.000,0.000,0.000,12.450,20.968
3584.139,-25.241,0.000,0.000,0.000,12.450,20.968
3584.154,-25.241,0.000,0.000,0.000,12.450,20.968
3584.170,-25.241,0.000,0.000,0.000,12.450,20.968
3584.186,-25.241,0.000,0.000,0.000,12.450,20.968
3584.202,-25.241,0.000,0.000,0.000,12.450,20.968
3584.217,-25.241,0.000,0.000,0.000,12.450,20.968
3584.233,-25.241,0.000,0.000,0.000,12.450,20.968
3584.249,-25.241,0.000,0.000,0.000,12.450,20.968
3584.265,-25.241,0.000,0.000,0.000,12.450,20.968
3584.281,-25.241,0.000,0.000,0.000,12.450,20.968
3584.296,-25.241,0.000,0.000,0.000,12.450,20.968
3584.312,-25.241,0.000,0.000,0.000,12.450,20.968
3584.328,-25.241,0.000,0.000,0.000,12.450,20.968
3584.344,-25.241,0.000,0.000,0.000,12.450,20.968
3584.360,-25.241,0.000,0.000,0.000,12.450,20.968
3584.375,-25.241,0.000,0.000,0.000,12.450,20.968
3584.391,-25.241,0.000,0.000,0.000,12.450,20.968
3584.407,-25.241,0.000,0.000,0.000,12.450,20.968
3584.423,-25.241,0.000,0.000,0.000,12.450,20.968
3584.438,-25.241,0.000,0.000,0.000,12.450,20.968
3584.454,-25.241,0.000,0.000,0.000,12.450,20.968
3584.470,-25.241,0.000,0.000,0.000,12.450,20.968
3584.486,-25.241,0.000,0.000,0.000,12.450,20.968
3584.502,-25.241,0.000,0.000,0.000,12.450,20.968
3584.517,-25.241,0.000,0.000,0.000,12.450,20.968
3584.533,-25.241,0.000,0.000,0.000,12.450,20.968
3584.549,-25.241,0.000,0.000,0.000,12.450,20.968
3584.565,-25.241,0.000,0.000,0.000,12.450,20.968
3584.580,-25.241,0.000,0.000,0.000,12.450,20.968
3584.596,-25.241,0.000,0.000,0.000,12.450,20.968
3584.612,-25.241,0.000,0.000,0.000,12.450,20.968
3584.628,-25.241,0.000,0.000,0.000,12.450,20.968
3584.644,-25.241,0.000,0.000,0.000,12.450,20.968
3584.659,-25.241,0.000,0.000,0.000,12.450,20.968
3584.675,-25.241,0.000,0.000,0.000,12.450,20.968
3584.691,-25.241,0.000,0.000,0.000,12.450,20.968
3584.707,-25.241,0.000,0.000,0.000,12.450,20.968
3584.722,-25.241,0.000,0.000,0.000,12.450,20.968
3584.738,-25.241,0.000,0.000,0.000,12.450,20.968
3584.754,-25.241,0.000,0.000,0.000,12.450,20.968
3584.770,-25.241,0.000,0.000,0.000,12.450,20.968
3584.786,-25.241,0.000,0.000,0.000,12.450,20.968
3584.801,-25.241,0.000,0.000,0.000,12.450,20.968
3584.817,-25.241,0.000,0.000,0.000,12.450,20.968
3584.833,-25.241,0.000,0.000,0.000,12.450,20.968
3584.849,-25.241,0.000,0.000,0.000,12.450,20.968
3584.864,-25.241,0.000,0.000,0.000,12.450,20.968
3584.880,-25.241,0.000,0.000,0.000,12.450,20.968
3584.896,-25.241,0.000,0.000,0.000,12.450,20.968
3584.912,-25.241,0.000,0.000,0.000,12.450,20.968
3584.928,-25.241,0.000,0.000,0.000,12.450,20.968
3584.944,-25.241,0.000,0.000,0.000,12.450,20.968
3584.960,-25.241,0.000,0.000,0.000,12.450,20.968
3584.975,-25.241,0.000,0.000,0.000,12.450,20.968
3584.991,-25.241,0.000,0.000,0.000,12.450,20.968
3585.007,-25.241,0.000,0.000,0.000,12.450,20.968
3585.023,-25.241,0.000,0.000,0.000,12.450,20.968
3585.039,-25.240,0.000,0.000,0.000,12.450,20.968
3585.054,-25.241,0.000,0.000,0.000,12.450,20.968
3585.070,-25.241,0.000,0.000,0.000,12.450,20.968
3585.086,-25.241,0.000,0.000,0.000,12.450,20.968
3585.102,-25.241,0.000,0.000,0.000,12.450,20.968
3585.117,-25.241,0.000,0.000,0.000,12.450,20.968
3585.133,-25.241,0.000,0.000,0.000,12.450,20.968
3585.149,-25.241,0.000,0.000,0.000,12.450,20.968
3585.165,-25.241,0.000,0.000,0.000,12.450,20.968
3585.181,-25.241,0.000,0.000,0.000,12.450,20.968
3585.196,-25.241,0.000,0.000,0.000,12.450,20.968
3585.212,-25.241,0.000,0.000,0.000,12.450,20.968
3585.228,-25.241,0.000,0.000,0.000,12.450,20.968
3585.244,-25.241,0.000,0.000,0.000,12.450,20.968
3585.259,-25.241,0.000,0.000,0.000,12.450,20.968
3585.275,-25.241,0.000,0.000,0.000,12.450,20.968
3585.291,-25.241,0.000,0.000,0.000,12.450,20.968
3585.307,-25.241,0.000,0.000,0.000,12.450,20.968
3585.323,-25.241,0.000,0.000,0.000,12.450,20.968
3585.338,-25.241,0.000,0.000,0.000,12.450,20.968
3585.354,-25.241,0.000,0.000,0.000,12.450,20.968
3585.370,-25.241,0.000,0.000,0.000,12.450,20.968
3585.386,-25.241,0.000,0.000,0.000,12.450,20.968
3585.401,-25.241,0.000,0.000,0.000,12.450,20.968
3585.417,-25.241,0.000,0.000,0.000,12.450,20.968
3585.433,-25.241,0.000,0.000,0.000,12.450,20.968
3585.449,-25.241,0.000,0.000,0.000,12.450,20.968
3585.465,-25.241,0.000,0.000,0.000,12.450,20.968
3585.480,-25.241,0.000,0.000,0.000,12.450,20.968
3585.496,-25.241,0.000,0.000,0.000,12.450,20.968
3585.512,-25.241,0.000,0.000,0.000,12.450,20.968
3585.528,-25.241,0.000,0.000,0.000,12.450,20.968
3585.544,-25.241,0.000,0.000,0.000,12.450,20.968
3585.559,-25.241,0.000,0.000,0.000,12.450,20.968
3585.575,-25.241,0.000,0.000,0.000,12.450,20.968
3585.591,-25.241,0.000,0.000,0.000,12.450,20.968
3585.607,-25.241,0.000,0.000,0.000,12.450,20.968
3585.622,-25.241,0.000,0.000,0.000,12.450,20.968
3585.638,-25.241,0.000,0.000,0.000,12.450,20.968
3585.654,-25.241,0.000,0.000,0.000,12.450,20.968
3585.670,-25.241,0.000,0.000,0.000,12.450,20.968
3585.686,-25.241,0.000,0.000,0.000,12.450,20.968
3585.701,-25.241,0.000,0.000,0.000,12.450,20.968
3585.717,-25.241,0.000,0.000,0.000,12.450,20.968
3585.733,-25.241,0.000,0.000,0.000,12.450,20.968
3585.749,-25.241,0.000,0.000,0.000,12.450,20.968
3585.765,-25.241,0.000,0.000,0.000,12.450,20.968
3585.780,-25.241,0.000,0.000,0.000,12.450,20.968
3585.796,-25.241,0.000,0.000,0.000,12.450,20.968
3585.812,-25.241,0.000,0.000,0.000,12.450,20.968
3585.828,-25.241,0.000,0.000,0.000,12.450,20.968
3585.844,-25.241,0.000,0.000,0.000,12.450,20.968
3585.859,-25.241,0.000,0.000,0.000,12.450,20.968
3585.875,-25.241,0.000,0.000,0.000,12.450,20.968
3585.891,-25.241,0.000,0.000,0.000,12.450,20.968
3585.907,-25.241,0.000,0.000,0.000,12.450,20.968
3585.923,-25.241,0.000,0.000,0.000,12.450,20.968
3585.938,-25.241,0.000,0.000,0.000,12.450,20.968
3585.954,-25.241,0.000,0.000,0.000,12.450,20.968
3585.970,-25.241,0.000,0.000,0.000,12.450,20.968
3585.986,-25.241,0.000,0.000,0.000,12.450,20.968
3586.002,-25.241,0.000,0.000,0.000,12.450,20.968
3586.017,-25.241,0.000,0.000,0.000,12.450,20.968
3586.033,-25.241,0.000,0.000,0.000,12.450,20.968
3586.049,-25.241,0.000,0.000,0.000,12.450,20.968
3586.065,-25.241,0.000,0.000,0.000,12.450,20.968
3586.080,-25.241,0.000,0.000,0.000,12.450,20.968
3586.096,-25.241,0.000,0.000,0.000,12.450,20.968
3586.112,-25.241,0.000,0.000,0.000,12.450,20.968
3586.128,-25.241,0.000,0.000,0.000,12.450,20.968
3586.144,-25.241,0.000,0.000,0.000,12.450,20.968
3586.159,-25.241,0.000,0.000,0.000,12.450,20.968
3586.175,-25.240,0.000,0.000,0.000,12.450,20.968
3586.191,-25.241,0.000,0.000,0.000,12.450,20.968
3586.207,-25.241,0.000,0.000,0.000,12.450,20.968
3586.222,-25.241,0.000,0.000,0.000,12.450,20.968
3586.238,-25.241,0.000,0.000,0.000,12.450,20.968
3586.254,-25.241,0.000,0.000,0.000,12.450,20.968
3586.270,-25.241,0.000,0.000,0.000,12.450,20.968
3586.285,-25.241,0.000,0.000,0.000,12.450,20.968
3586.301,-25.241,0.000,0.000,0.000,12.450,20.968
3586.317,-25.241,0.000,0.000,0.000,12.450,20.968
3586.333,-25.241,0.000,0.000,0.000,12.450,20.968
3586.349,-25.241,0.000,0.000,0.000,12.450,20.968
3586.364,-25.241,0.000,0.000,0.000,12.450,21.613
3586.380,-25.241,0.000,0.000,0.000,12.450,21.613
3586.396,-25.241,0.000,0.000,0.000,12.450,21.613
3586.412,-25.241,0.000,0.000,0.000,12.450,21.613
3586.428,-25.240,0.000,0.000,0.000,12.450,21.613
3586.443,-25.241,0.000,0.000,0.000,12.450,21.613
3586.459,-25.241,0.000,0.000,0.000,12.450,21.613
3586.475,-25.241,0.000,0.000,0.000,12.450,20.968
3586.491,-25.241,0.000,0.000,0.000,12.450,20.968
3586.506,-25.241,0.000,0.000,0.000,12.450,20.968
3586.522,-25.241,0.000,0.000,0.000,12.450,20.968
3586.538,-25.241,0.000,0.000,0.000,12.450,20.968
3586.554,-25.241,0.000,0.000,0.000,12.450,20.968
3586.569,-25.241,0.000,0.000,0.000,12.450,20.968
3586.585,-25.241,0.000,0.000,0.000,12.450,20.968
3586.601,-25.241,0.000,0.000,0.000,12.450,21.613
3586.617,-25.241,0.000,0.000,0.000,12.450,21.613
3586.633,-25.241,0.000,0.000,0.000,12.450,21.613
3586.648,-25.241,0.000,0.000,0.000,12.450,21.613
3586.664,-25.241,0.000,0.000,0.000,12.450,21.613
3586.680,-25.241,0.000,0.000,0.000,12.450,21.613
3586.696,-25.241,0.000,0.000,0.000,12.450,21.613
3586.711,-25.241,0.000,0.000,0.000,12.450,20.968
3586.727,-25.241,0.000,0.000,0.000,12.450,20.968
3586.743,-25.241,0.000,0.000,0.000,12.450,20.968
3586.759,-25.241,0.000,0.000,0.000,12.450,20.968
3586.775,-25.241,0.000,0.000,0.000,12.450,20.968
3586.790,-25.241,0.000,0.000,0.000,12.450,20.968
3586.806,-25.241,0.000,0.000,0.000,12.450,20.968
3586.822,-25.241,0.000,0.000,0.000,12.450,20.968
3586.838,-25.241,0.000,0.000,0.000,12.450,21.613
3586.854,-25.241,0.000,0.000,0.000,12.450,21.613
3586.869,-25.241,0.000,0.000,0.000,12.450,21.613
3586.885,-25.241,0.000,0.000,0.000,12.450,21.613
3586.901,-25.244,0.000,1.996,0.375,12.450,21.613
3586.917,-25.244,0.000,2.019,0.375,12.450,21.613
3586.932,-25.313,-0.146,2.045,1.750,12.450,21.613
3586.948,-25.472,-8.936,2.045,2.875,12.450,21.613
3586.964,-25.698,-44.385,2.004,3.375,12.200,20.323
3586.980,-25.698,-44.385,1.992,3.375,12.200,20.323
3586.996,-25.965,-119.971,1.980,3.000,12.200,20.323
3587.011,-26.259,-237.451,1.980,2.875,12.200,20.323
3587.027,-26.571,-384.814,1.980,2.750,12.200,20.323
3587.043,-26.571,-384.814,1.992,2.750,12.200,20.323
3587.059,-26.896,-539.356,1.992,2.625,12.200,20.323
3587.075,-27.231,-677.344,2.000,2.625,12.250,20.968
3587.090,-27.573,-782.227,1.988,2.500,12.250,20.968
3587.106,-27.573,-782.227,2.000,2.500,12.250,20.968
3587.122,-27.917,-853.418,2.000,2.625,12.250,20.968
3587.138,-28.267,-902.930,2.000,2.625,12.250,20.968
3587.154,-28.546,-938.232,2.000,2.625,12.250,20.968
3587.169,-28.546,-938.232,2.000,2.625,12.250,20.968
3587.185,-28.900,-963.867,2.000,2.625,12.250,20.968
3587.201,-29.256,-982.617,2.000,2.625,12.250,20.968
3587.217,-29.613,-995.801,2.000,2.625,12.250,20.968
3587.233,-29.613,-995.801,2.000,2.625,12.250,20.968
3587.248,-29.972,-1005.762,1.988,2.500,12.250,20.968
3587.264,-30.331,-1013.672,2.000,2.500,12.250,20.968
3587.280,-30.691,-1019.824,2.012,2.625,12.250,20.968
3587.296,-30.691,-1019.824,2.000,2.625,12.250,20.968
3587.311,-30.363,-1022.754,2.000,2.625,12.250,20.968
3587.327,-29.364,-939.404,1.992,2.625,12.200,20.968
3587.343,-29.621,-577.295,1.992,2.625,12.200,20.968
3587.359,-29.621,-577.295,1.992,2.625,12.200,20.968
3587.375,-30.143,-173.438,1.992,2.500,12.200,20.968
3587.390,-30.505,152.051,1.992,2.625,12.200,20.968
3587.406,-30.504,200.977,1.980,2.500,12.200,20.968
3587.422,-30.504,200.977,1.992,2.500,12.200,20.968
3587.438,-30.373,107.080,2.000,2.625,12.250,20.968
3587.454,-30.363,-124.951,2.000,2.625,12.250,20.968
3587.469,-30.505,-327.539,2.000,2.625,12.250,20.968
3587.485,-30.505,-327.539,2.000,2.625,12.250,20.968
3587.501,-30.637,-389.648,2.000,2.625,12.250,20.968
3587.517,-30.153,-249.023,2.000,2.625,12.250,20.968
3587.533,-30.505,-127.295,1.988,2.500,12.250,20.968
3587.548,-30.505,-127.295,1.988,2.500,12.250,20.968
3587.564,-30.637,-73.388,1.996,2.500,12.300,20.968
3587.580,-30.504,-61.963,1.996,2.500,12.300,20.968
3587.596,-30.153,-54.492,2.008,2.500,12.300,20.968
3587.612,-30.153,-54.492,2.008,2.500,12.300,20.968
3587.627,-30.505,-23.438,2.008,2.500,12.300,20.968
3587.643,-30.505,-22.266,2.008,2.625,12.300,20.968
3587.659,-30.505,-9.814,2.019,2.625,12.300,20.968
3587.675,-30.505,-9.814,2.000,2.625,12.250,20.968
3587.690,-30.363,-11.133,1.988,2.625,12.250,20.968
3587.706,-30.505,30.615,1.988,2.500,12.250,20.968
3587.722,-30.363,33.252,1.988,2.500,12.250,20.968
3587.738,-30.363,33.252,1.988,2.500,12.250,20.968
3587.754,-30.505,48.193,1.988,2.500,12.250,20.968
3587.769,-30.363,21.387,2.000,2.500,12.250,20.968
3587.785,-30.555,17.432,2.000,2.625,12.250,20.968
3587.801,-30.555,17.432,1.992,2.625,12.200,20.968
3587.817,-30.555,-13.184,2.004,2.625,12.200,20.968
3587.832,-30.363,-18.750,1.992,2.625,12.200,20.968
3587.848,-30.637,-18.750,1.992,2.625,12.200,20.968
3587.864,-30.637,-18.750,1.992,2.625,12.200,20.968
3587.880,-30.637,-6.006,1.992,2.625,12.200,20.968
3587.896,-30.363,0.000,1.992,2.625,12.200,20.968
3587.911,-30.363,6.299,1.992,2.625,12.200,20.968
3587.927,-30.363,6.299,2.000,2.625,12.250,20.323
3587.943,-30.505,13.623,2.012,2.625,12.250,20.323
3587.959,-30.637,13.623,2.012,2.625,12.250,20.323
3587.975,-30.363,7.764,2.024,2.625,12.250,20.323
3587.990,-30.363,7.764,2.024,2.625,12.250,20.323
3588.006,-30.363,6.152,2.024,2.625,12.250,20.323
3588.022,-30.637,26.514,2.012,2.625,12.250,20.323
3588.038,-30.505,26.514,1.995,2.625,12.150,20.968
3588.054,-30.505,26.514,1.982,2.625,12.150,20.968
3588.069,-30.505,20.361,1.982,2.625,12.150,20.968
3588.085,-30.637,0.000,1.995,2.625,12.150,20.968
3588.101,-30.505,-2.637,1.995,2.625,12.150,20.968
3588.117,-30.505,-2.637,1.995,2.625,12.150,20.968
3588.132,-30.505,-30.469,1.982,2.625,12.150,20.968
3588.148,-30.505,-35.888,1.995,2.625,12.150,20.968
3588.164,-30.153,-34.570,2.004,2.625,12.200,20.968
3588.180,-30.153,-34.570,1.992,2.625,12.200,20.968
3588.196,-30.637,0.293,1.992,2.625,12.200,20.968
3588.211,-30.153,6.885,1.992,2.625,12.200,20.968
3588.227,-30.505,38.672,1.992,2.625,12.200,20.968
3588.243,-30.505,38.672,2.004,2.625,12.200,20.968
3588.259,-30.153,35.596,1.992,2.625,12.200,20.968
3588.275,-30.363,35.596,2.004,2.625,12.200,20.968
3588.290,-30.637,-1.465,2.004,2.625,12.200,20.968
3588.306,-30.505,-6.006,1.992,2.625,12.200,20.968
3588.322,-30.505,-6.006,1.992,2.625,12.200,20.968
3588.338,-30.153,-50.391,1.992,2.625,12.200,20.968
3588.354,-30.363,-40.723,1.992,2.625,12.200,20.968
3588.369,-30.363,-34.131,2.004,2.625,12.200,20.968
3588.385,-30.363,-34.131,2.004,2.625,12.200,20.968
3588.401,-30.505,0.000,1.995,2.625,12.150,20.968
3588.417,-30.505,-1.465,2.007,2.625,12.150,20.968
3588.432,-30.363,-12.012,1.995,2.625,12.150,20.968
3588.448,-30.363,-12.012,1.982,2.625,12.150,20.968
3588.464,-30.153,-1.611,1.982,2.625,12.150,20.968
3588.480,-30.505,0.000,1.982,2.625,12.150,20.968
3588.496,-30.363,6.885,1.982,2.625,12.150,20.968
3588.511,-30.363,6.885,1.982,2.625,12.150,20.968
3588.527,-30.363,21.240,2.004,2.625,12.200,20.968
3588.543,-30.505,26.514,2.004,2.625,12.200,20.968
3588.559,-30.363,20.801,2.004,2.625,12.200,20.968
3588.574,-30.363,20.801,1.992,2.625,12.200,20.968
3588.590,-30.505,5.273,1.992,2.625,12.200,20.968
3588.606,-30.505,0.000,1.992,2.625,12.200,20.968
3588.622,-30.637,3.516,1.992,2.625,12.200,20.968
3588.638,-30.637,3.516,1.992,2.625,12.200,20.968
3588.653,-30.696,-2.783,1.992,2.625,12.200,20.968
3588.669,-30.505,-19.189,2.004,2.625,12.200,20.968
3588.685,-30.505,-24.170,2.004,2.625,12.200,20.968
3588.701,-30.505,-24.170,1.992,2.625,12.200,20.968
3588.717,-30.505,-17.725,2.004,2.625,12.200,20.968
3588.732,-30.363,-9.082,2.004,2.625,12.200,20.968
3588.748,-30.505,-21.826,2.015,2.625,12.200,20.968
3588.764,-30.505,-21.826,1.995,2.625,12.150,19.677
3588.780,-30.637,-14.355,2.007,2.625,12.150,19.677
3588.795,-30.363,-6.299,2.007,2.625,12.150,19.677
3588.811,-30.503,7.324,1.982,2.625,12.150,19.677
3588.827,-30.503,7.324,1.995,2.625,12.150,19.677
3588.843,-31.127,-19.775,1.995,2.625,12.150,19.677
3588.859,-31.481,-91.113,1.995,2.625,12.150,19.677
3588.874,-31.844,-269.238,1.995,2.625,12.150,20.968
3588.890,-31.844,-269.238,1.982,2.625,12.150,20.968
3588.906,-31.505,-472.266,1.995,2.625,12.150,20.968
3588.922,-31.505,-617.139,1.995,2.625,12.150,20.968
3588.938,-31.879,-612.744,1.995,2.625,12.150,20.968
3588.953,-31.879,-612.744,1.995,2.625,12.150,20.968
3588.969,-32.363,-563.379,1.995,2.625,12.150,20.968
3588.985,-32.481,-531.592,1.995,2.625,12.150,20.968
3589.001,-32.505,-500.098,1.992,2.625,12.200,20.968
3589.016,-32.505,-500.098,1.992,2.625,12.200,20.968
3589.032,-32.505,-524.854,1.992,2.625,12.200,20.968
3589.048,-32.524,-511.230,1.992,2.625,12.200,20.968
3589.064,-32.363,-441.650,1.992,2.625,12.200,20.968
3589.080,-32.363,-441.650,1.992,2.625,12.200,20.968
3589.095,-32.435,-259.863,1.992,2.625,12.200,20.968
3589.111,-32.436,-77.344,2.004,2.625,12.200,20.968
3589.127,-32.637,4.394,1.992,2.625,12.200,20.968
3589.143,-32.637,4.394,2.004,2.625,12.200,20.968
3589.159,-32.470,-2.051,2.004,2.625,12.200,20.968
3589.174,-32.831,-14.648,1.992,2.625,12.200,20.968
3589.190,-33.505,-92.285,1.992,2.625,12.200,20.968
3589.206,-33.505,-92.285,1.992,2.625,12.200,20.968
3589.222,-33.363,-246.094,1.992,2.625,12.200,20.968
3589.238,-33.363,-431.689,1.992,2.625,12.200,20.968
3589.253,-33.152,-579.785,1.992,2.625,12.200,20.968
3589.269,-33.152,-579.785,1.992,2.625,12.200,20.968
3589.285,-33.505,-604.102,2.004,2.625,12.200,20.968
3589.301,-33.363,-532.178,2.004,2.625,12.200,20.968
3589.317,-33.637,-342.334,1.992,2.625,12.200,20.968
3589.332,-33.637,-342.334,2.004,2.625,12.200,20.968
3589.348,-33.627,-147.656,2.004,2.625,12.200,20.968
3589.364,-33.505,-27.393,1.995,2.625,12.150,20.968
3589.380,-33.152,-6.738,1.995,2.625,12.150,20.968
3589.395,-33.152,-6.738,1.995,2.625,12.150,20.968
3589.411,-33.505,22.119,1.995,2.625,12.150,20.968
3589.427,-33.637,26.660,1.982,2.625,12.150,20.968
3589.443,-33.505,22.119,1.995,2.625,12.150,20.968
3589.459,-33.505,22.119,1.995,2.625,12.150,20.968
3589.474,-33.505,-22.266,1.995,2.625,12.150,20.323
3589.490,-33.505,-21.973,1.995,2.625,12.150,20.323
3589.506,-33.637,-21.973,1.982,2.625,12.150,20.323
3589.522,-33.637,-21.973,1.982,2.625,12.150,20.323
3589.538,-33.637,-5.859,1.982,2.625,12.150,20.323
3589.553,-33.505,-16.113,1.995,2.625,12.150,20.323
3589.569,-33.363,-16.113,1.995,2.625,12.150,20.323
3589.585,-33.363,-16.113,1.995,2.625,12.150,20.323
3589.601,-33.363,-19.775,2.004,2.625,12.200,20.968
3589.617,-33.363,-37.645,2.004,2.625,12.200,20.968
3589.632,-33.719,-41.895,2.004,2.625,12.200,20.968
3589.648,-33.719,-41.895,2.004,2.625,12.200,20.968
3589.664,-33.363,-59.033,2.004,2.625,12.200,20.968
3589.680,-33.637,-64.746,2.004,2.625,12.200,20.968
3589.695,-33.505,-58.887,2.004,2.625,12.200,20.968
3589.711,-33.505,-58.887,2.004,2.625,12.200,20.968
3589.727,-33.505,-34.277,1.992,2.625,12.200,20.968
3589.743,-33.505,0.000,1.992,2.625,12.200,20.968
3589.759,-33.363,36.768,2.004,2.625,12.200,20.968
3589.774,-33.363,36.768,2.004,2.625,12.200,20.968
3589.790,-33.505,75.732,2.004,2.625,12.200,20.968
3589.806,-33.537,82.764,2.015,2.625,12.200,20.968
3589.822,-33.976,45.557,2.004,2.625,12.200,20.968
3589.838,-33.976,45.557,1.995,2.625,12.150,20.323
3589.853,-34.505,-36.182,1.995,2.625,12.150,20.323
3589.869,-34.651,-218.115,1.995,2.625,12.150,20.323
3589.885,-34.993,-453.662,1.995,2.625,12.150,20.323
3589.901,-34.993,-453.662,1.995,2.625,12.150,20.323
3589.917,-35.345,-695.947,1.982,2.625,12.150,20.323
3589.932,-35.713,-868.066,1.995,2.625,12.150,20.323
3589.948,-36.073,-973.242,1.995,2.625,12.150,20.323
3589.964,-36.073,-973.242,2.004,2.625,12.200,20.968
3589.980,-36.435,-1023.633,1.992,2.625,12.200,20.968
3589.996,-36.799,-1029.199,2.004,2.625,12.200,20.968
3590.011,-37.160,-1029.639,1.992,2.625,12.200,20.968
3590.027,-37.160,-1029.639,1.992,2.625,12.200,20.968
3590.043,-37.520,-1045.313,2.004,2.625,12.200,20.968
3590.059,-37.883,-1042.968,2.004,2.625,12.200,20.968
3590.074,-38.247,-1042.236,1.995,2.625,12.150,20.323
3590.090,-38.247,-1042.236,1.995,2.625,12.150,20.323
3590.106,-38.606,-1041.650,1.982,2.625,12.150,20.323
3590.122,-38.965,-1041.211,1.995,2.625,12.150,20.323
3590.138,-39.322,-1040.332,1.995,2.625,12.150,20.323
3590.153,-39.322,-1040.332,1.982,2.625,12.150,20.323
3590.169,-39.684,-1038.721,1.995,2.625,12.150,20.323
3590.185,-40.042,-1036.963,1.995,2.625,12.150,20.323
3590.201,-40.399,-1035.352,1.999,2.625,12.100,20.323
3590.217,-40.399,-1035.352,1.975,2.625,12.100,20.323
3590.232,-40.760,-1034.326,1.975,2.625,12.100,20.323
3590.248,-41.119,-1033.739,1.975,2.625,12.100,20.323
3590.264,-41.479,-1033.593,1.987,2.625,12.100,20.323
3590.280,-41.479,-1033.593,1.987,2.625,12.100,20.323
3590.296,-41.840,-1033.887,1.987,2.625,12.100,20.323
3590.311,-42.203,-1034.473,1.987,2.625,12.100,20.323
3590.327,-42.562,-1035.352,1.995,2.625,12.150,20.968
3590.343,-42.562,-1035.352,1.995,2.625,12.150,20.968
3590.359,-42.923,-1036.377,2.007,2.625,12.150,20.968
3590.375,-43.287,-1037.549,2.007,2.625,12.150,20.968
3590.390,-43.652,-1038.721,1.995,2.625,12.150,20.968
3590.406,-43.652,-1038.721,1.995,2.625,12.150,20.968
3590.422,-44.016,-1040.186,1.995,2.625,12.150,20.968
3590.438,-44.381,-1041.942,1.995,2.625,12.150,20.968
3590.453,-44.748,-1044.140,1.995,2.625,12.150,20.968
3590.469,-44.748,-1044.140,1.995,2.625,12.150,20.968
3590.485,-45.112,-1046.338,2.007,2.625,12.150,20.968
3590.501,-45.478,-1048.242,2.007,2.625,12.150,20.968
3590.517,-45.771,-1040.039,1.995,2.625,12.150,20.968
3590.532,-45.771,-1040.039,1.995,2.625,12.150,20.968
3590.548,-46.139,-1027.441,1.995,2.625,12.150,20.968
3590.564,-46.505,-1014.551,1.999,2.625,12.100,20.323
3590.580,-46.869,-1010.742,1.987,2.625,12.100,20.323
3590.596,-47.364,-1014.111,1.999,2.625,12.100,20.323
3590.611,-47.364,-1014.111,1.999,2.625,12.100,20.323
3590.627,-47.511,-1025.244,1.987,2.625,12.100,20.323
3590.643,-47.363,-1027.734,1.987,2.625,12.100,20.323
3590.659,-47.627,-943.799,1.987,2.625,12.100,20.323
3590.674,-47.627,-943.799,1.995,2.625,12.150,20.323
3590.690,-47.637,-782.959,1.995,2.625,12.150,20.323
3590.706,-47.505,-564.990,1.995,2.625,12.150,20.323
3590.722,-47.505,-340.137,1.995,2.625,12.150,20.323
3590.737,-47.505,-340.137,1.995,2.625,12.150,20.323
3590.753,-47.505,-130.518,2.007,2.625,12.150,20.323
3590.769,-47.505,-31.787,1.995,2.625,12.150,20.323
3590.785,-47.505,-12.305,1.995,2.625,12.150,20.323
3590.801,-47.505,-12.305,1.987,2.625,12.100,19.677
3590.816,-47.363,-37.207,1.987,2.625,12.100,19.677
3590.832,-47.363,-13.916,1.987,2.625,12.100,19.677
3590.848,-47.363,-13.916,1.987,2.625,12.100,19.677
3590.864,-47.555,-10.986,1.987,2.625,12.100,19.677
3590.880,-47.505,-19.775,1.999,2.625,12.100,19.677
3590.895,-47.271,-12.891,1.999,2.625,12.100,19.677
3590.911,-47.505,6.592,1.999,2.625,12.100,19.677
3590.927,-47.505,6.592,1.995,2.625,12.150,20.323
3590.943,-47.793,32.812,1.995,2.625,12.150,20.323
3590.958,-47.793,-5.273,1.995,2.625,12.150,20.323
3590.974,-47.360,-60.205,1.995,2.625,12.150,20.323
3590.990,-47.360,-60.205,1.995,2.625,12.150,20.323
3591.006,-47.818,-131.982,2.007,2.625,12.150,20.323
3591.022,-47.820,-201.563,2.007,2.625,12.150,20.323
3591.037,-47.839,-231.885,1.995,2.625,12.150,20.323
3591.053,-47.839,-231.885,1.995,2.625,12.150,20.323
3591.069,-48.215,-160.840,1.995,2.625,12.150,20.323
3591.085,-48.506,-122.021,2.007,2.625,12.150,20.323
3591.101,-48.638,-195.557,1.995,2.625,12.150,20.323
3591.116,-48.638,-195.557,1.995,2.625,12.150,20.323
3591.132,-48.363,-369.580,1.995,2.625,12.150,20.323
3591.148,-48.505,-453.516,2.007,2.625,12.150,20.323
3591.164,-48.505,-421.436,1.999,2.625,12.100,20.323
3591.180,-48.505,-421.436,1.987,2.625,12.100,20.323
3591.196,-48.363,-316.260,1.975,2.625,12.100,20.323
3591.211,-48.637,-152.051,1.987,2.625,12.100,20.323
3591.227,-48.505,-18.311,1.987,2.625,12.100,20.323
3591.243,-48.505,-18.311,1.987,2.625,12.100,20.323
3591.259,-48.153,37.207,1.987,2.625,12.100,20.323
3591.274,-48.505,9.521,1.987,2.625,12.100,19.677
3591.290,-48.505,-8.936,1.987,2.625,12.100,19.677
3591.306,-48.505,-8.936,1.987,2.625,12.100,19.677
3591.322,-48.363,-20.801,1.987,2.625,12.100,19.677
3591.337,-48.505,-0.439,1.987,2.625,12.100,19.677
3591.353,-48.505,14.941,1.987,2.625,12.100,19.677
3591.369,-48.505,14.941,1.975,2.625,12.100,19.677
3591.385,-48.637,19.043,1.987,2.625,12.100,19.677
3591.401,-48.555,-9.814,1.995,2.625,12.150,19.677
3591.416,-48.554,-19.043,1.995,2.625,12.150,19.677
3591.432,-48.554,-19.043,1.995,2.625,12.150,19.677
3591.448,-48.153,-29.150,1.995,2.625,12.150,19.677
3591.464,-48.505,0.586,1.995,2.625,12.150,19.677
3591.479,-48.153,40.283,1.995,2.625,12.150,19.677
3591.495,-48.153,40.283,1.995,2.625,12.150,19.677
3591.511,-48.638,81.152,1.995,2.625,12.150,19.677
3591.527,-48.637,87.012,1.995,2.625,12.150,20.323
3591.543,-48.504,45.850,1.995,2.625,12.150,20.323
3591.558,-48.504,45.850,2.007,2.625,12.150,20.323
3591.574,-48.363,22.412,2.007,2.625,12.150,20.323
3591.590,-48.153,0.000,1.995,2.625,12.150,20.323
3591.606,-48.505,0.000,1.995,2.625,12.150,20.323
3591.621,-48.505,0.000,1.995,2.625,12.150,20.323
3591.637,-48.363,1.172,1.987,2.625,12.100,20.323
3591.653,-48.505,4.980,1.999,2.625,12.100,20.323
3591.669,-48.505,-0.293,1.987,2.625,12.100,20.323
3591.685,-48.505,-0.293,1.987,2.625,12.100,20.323
3591.700,-48.505,-0.293,1.999,2.625,12.100,20.323
3591.716,-48.505,-5.273,1.987,2.625,12.100,20.323
3591.732,-48.373,-1.318,1.987,2.625,12.100,20.323
3591.748,-48.373,-1.318,1.987,2.625,12.100,20.323
3591.764,-48.637,-14.502,1.999,2.625,12.100,20.323
3591.779,-48.363,-20.947,1.987,2.625,12.100,20.323
3591.795,-48.363,-4.248,1.999,2.625,12.100,20.323
3591.811,-48.363,-4.248,1.999,2.625,12.100,20.323
3591.827,-48.505,35.742,1.999,2.625,12.100,20.323
3591.842,-48.363,57.568,1.999,2.625,12.100,20.323
3591.858,-48.505,62.695,1.987,2.625,12.100,20.323
3591.874,-48.505,62.695,1.999,2.625,12.100,20.323
3591.890,-48.505,54.053,1.999,2.625,12.100,20.323
3591.906,-48.505,27.686,1.999,2.625,12.100,20.323
3591.921,-48.363,5.420,1.987,2.625,12.100,20.323
3591.937,-48.363,5.420,1.987,2.625,12.100,20.323
3591.953,-48.505,-14.063,1.987,2.625,12.100,20.323
3591.969,-48.363,-24.756,1.987,2.625,12.100,20.323
3591.984,-48.505,-20.508,1.987,2.625,12.100,20.323
3592.000,-48.505,-20.508,1.987,2.625,12.100,20.323
3592.016,-48.446,-18.164,1.999,2.625,12.100,20.323
3592.032,-48.505,2.930,1.987,2.625,12.100,20.323
3592.048,-48.505,7.764,1.987,2.625,12.100,20.323
3592.063,-48.505,7.764,1.987,2.625,12.100,20.323
3592.079,-48.446,-13.184,1.999,2.625,12.100,20.323
3592.095,-48.505,-40.576,1.999,2.625,12.100,20.323
3592.111,-48.505,-56.250,1.987,2.625,12.100,20.323
3592.127,-48.505,-56.250,1.995,2.625,12.150,20.323
3592.142,-48.362,-58.154,2.007,2.625,12.150,20.323
3592.158,-48.363,-30.469,1.995,2.625,12.150,20.323
3592.174,-48.505,-9.229,1.995,2.625,12.150,20.323
3592.190,-48.505,-9.229,1.995,2.625,12.150,20.323
3592.206,-48.505,32.227,2.007,2.625,12.150,20.323
3592.221,-48.153,59.033,2.007,2.625,12.150,20.323
3592.237,-48.505,75.439,1.999,2.625,12.100,20.323
3592.253,-48.505,75.439,1.987,2.625,12.100,20.323
3592.269,-48.638,48.486,1.987,2.625,12.100,20.323
3592.285,-48.637,16.699,1.987,2.625,12.100,20.323
3592.300,-48.505,-23.584,1.999,2.625,12.100,20.323
3592.316,-48.505,-23.584,1.999,2.625,12.100,20.323
3592.332,-48.364,-33.691,1.987,2.625,12.100,20.323
3592.348,-48.505,-40.723,1.987,2.625,12.100,20.323
3592.364,-48.505,-21.973,1.999,2.625,12.100,20.323
3592.379,-48.505,-21.973,1.987,2.625,12.100,20.323
3592.395,-48.637,-9.082,1.987,2.625,12.100,20.323
3592.411,-48.637,-10.547,1.987,2.625,12.100,20.323
3592.427,-48.363,-23.438,1.987,2.625,12.100,20.323
3592.442,-48.363,-23.438,1.987,2.625,12.100,20.323
3592.458,-48.505,-21.680,1.987,2.625,12.100,20.323
3592.474,-48.554,-3.516,1.995,2.625,12.150,20.323
3592.490,-48.505,6.738,1.995,2.625,12.150,20.323
3592.505,-48.505,6.738,1.995,2.625,12.150,20.323
3592.521,-48.637,16.553,2.007,2.625,12.150,20.323
3592.537,-48.505,-13.184,1.995,2.625,12.150,20.323
3592.553,-48.363,-28.418,2.019,2.625,12.150,20.323
3592.569,-48.363,-28.418,2.007,2.625,12.150,20.323
3592.584,-48.505,-23.584,2.007,2.625,12.150,20.323
3592.600,-48.363,27.393,1.995,2.625,12.150,20.323
3592.616,-48.505,68.847,2.007,2.625,12.150,20.323
3592.632,-48.505,68.847,2.007,2.625,12.150,20.323
3592.648,-48.505,78.076,2.007,2.625,12.150,20.323
3592.663,-48.363,57.422,2.007,2.625,12.150,20.323
3592.679,-48.637,5.273,2.007,2.625,12.150,20.323
3592.695,-48.637,5.273,2.007,2.625,12.150,20.323
3592.711,-48.505,-36.475,1.995,2.625,12.150,20.323
3592.726,-48.505,-44.238,1.995,2.625,12.150,20.323
3592.742,-48.505,-19.775,1.995,2.625,12.150,20.323
3592.758,-48.505,-19.775,1.995,2.625,12.150,20.323
3592.774,-48.505,-6.445,1.995,2.625,12.150,20.323
3592.790,-48.637,-22.998,2.007,2.625,12.150,20.323
3592.805,-48.637,-39.258,2.007,2.625,12.150,20.323
3592.821,-48.637,-39.258,2.007,2.625,12.150,20.323
3592.837,-48.363,-58.008,1.991,2.625,12.050,20.323
3592.853,-48.745,-51.123,1.991,2.625,12.050,20.323
3592.869,-49.363,-63.867,1.991,2.625,12.050,20.323
3592.884,-49.363,-63.867,1.979,2.625,12.050,20.323
3592.900,-49.153,-181.348,1.991,2.625,12.050,20.323
3592.916,-49.637,-323.877,1.979,2.625,12.050,20.323
3592.932,-49.637,-490.283,1.979,2.625,12.050,20.323
3592.947,-49.637,-490.283,1.979,2.625,12.050,20.323
3592.963,-49.363,-544.921,1.995,2.625,12.150,20.323
3592.979,-49.363,-493.066,2.007,2.625,12.150,20.323
3592.995,-49.505,-322.412,2.007,2.625,12.150,20.323
3593.011,-49.505,-322.412,2.007,2.625,12.150,20.323
3593.026,-49.363,-130.371,1.995,2.625,12.150,20.323
3593.042,-49.363,-23.438,2.007,2.625,12.150,20.323
3593.058,-49.505,-6.592,2.007,2.625,12.150,20.323
3593.074,-49.505,0.000,2.007,2.625,12.100,20.323
3593.090,-49.505,0.000,1.987,2.625,12.100,20.323
3593.105,-49.505,0.000,1.987,2.625,12.100,20.323
3593.121,-49.505,2.344,1.987,2.625,12.100,20.323
3593.137,-49.505,19.775,1.999,2.625,12.100,20.323
3593.153,-49.505,19.775,1.999,2.625,12.100,20.323
3593.169,-49.198,29.297,1.987,2.625,12.100,20.323
3593.184,-49.603,83.643,1.987,2.625,12.100,20.323
3593.200,-49.974,61.084,1.999,2.625,12.100,20.323
3593.216,-49.974,61.084,1.999,2.625,12.100,20.323
3593.232,-50.334,-25.635,1.999,2.625,12.100,20.323
3593.247,-50.554,-223.828,1.987,2.625,12.100,20.323
3593.263,-49.869,-417.334,1.987,2.625,12.100,20.323
3593.279,-49.869,-417.334,2.011,2.625,12.100,20.323
3593.295,-49.870,-477.246,2.011,2.625,12.100,20.323
3593.311,-49.798,-399.756,1.987,2.625,12.100,20.323
3593.326,-49.798,-399.756,1.995,2.625,12.150,20.323
3593.342,-50.166,-171.387,2.007,2.625,12.150,20.323
3593.358,-50.531,19.482,2.007,2.625,12.150,20.323
3593.374,-50.897,98.584,2.007,2.625,12.150,20.323
3593.389,-51.192,-108.252,2.007,2.625,12.150,20.323
3593.405,-51.192,-108.252,2.007,2.625,12.150,20.323
3593.421,-51.560,-410.010,1.995,2.625,12.150,20.323
3593.437,-51.927,-756.152,1.995,2.625,12.150,20.323
3593.453,-52.292,-923.145,2.007,2.625,12.150,20.323
3593.468,-52.292,-923.145,2.007,2.625,12.150,20.323
3593.484,-52.658,-1009.717,2.007,2.625,12.150,20.323
3593.500,-53.021,-1014.111,2.007,2.625,12.150,20.323
3593.516,-53.385,-1022.022,2.007,2.625,12.150,20.323
3593.531,-53.385,-1022.022,2.007,2.625,12.150,20.323
3593.547,-53.751,-1033.301,2.007,2.625,12.150,20.323
3593.563,-54.118,-1045.313,1.999,2.625,12.100,20.323
3593.579,-54.478,-1049.561,1.999,2.625,12.100,20.323
3593.595,-54.478,-1049.561,1.999,2.625,12.100,20.323
3593.610,-54.844,-1049.268,1.999,2.625,12.100,20.323
3593.626,-55.208,-1048.975,1.999,2.625,12.100,20.323
3593.642,-55.572,-1048.828,1.999,2.625,12.100,20.323
3593.658,-55.572,-1048.828,1.999,2.625,12.100,20.323
3593.674,-55.938,-1048.682,1.987,2.625,12.100,20.323
3593.689,-56.305,-1048.535,1.987,2.625,12.100,20.323
3593.705,-56.646,-1048.975,1.987,2.625,12.100,20.323
3593.721,-56.646,-1048.975,1.999,2.625,12.100,20.323
3593.737,-57.042,-1048.828,1.999,2.625,12.100,20.323
3593.752,-57.409,-1045.606,1.999,2.625,12.100,20.323
3593.768,-57.776,-1040.625,1.999,2.625,12.100,20.323
3593.784,-57.776,-1040.625,1.987,2.625,12.100,20.323
3593.800,-58.144,-1042.090,1.995,2.625,12.150,19.677
3593.816,-58.436,-1042.383,1.995,2.625,12.150,19.677
3593.831,-58.803,-1044.873,2.007,2.625,12.150,19.677
3593.847,-58.803,-1044.873,2.007,2.625,12.150,19.677
3593.863,-59.171,-1035.791,1.995,2.625,12.150,19.677
3593.879,-59.538,-1026.709,1.995,2.625,12.150,19.677
3593.894,-59.905,-1017.041,1.995,2.625,12.150,19.677
3593.910,-59.905,-1017.041,2.007,2.625,12.150,19.677
3593.926,-60.268,-1013.232,1.991,2.625,12.050,20.323
3593.942,-60.363,-1013.232,1.979,2.625,12.050,20.323
3593.958,-60.505,-1000.928,1.979,2.625,12.050,20.323
3593.973,-60.505,-1000.928,1.979,2.625,12.050,20.323
3593.989,-60.363,-918.604,1.979,2.625,12.050,20.323
3594.005,-60.505,-761.719,1.991,2.625,12.050,20.323
3594.021,-60.363,-542.285,1.991,2.625,12.050,20.323
3594.036,-60.363,-542.285,1.995,2.625,12.150,20.323
3594.052,-60.153,-324.902,1.995,2.625,12.150,20.323
3594.068,-60.153,-157.031,1.995,2.625,12.150,20.323
3594.084,-60.505,-51.123,2.007,2.625,12.150,20.323
3594.100,-60.505,-51.123,2.007,2.625,12.150,20.323
3594.115,-60.153,-11.426,2.007,2.625,12.150,20.323
3594.131,-60.637,1.025,2.007,2.625,12.150,20.323
3594.147,-60.363,6.006,2.007,2.625,12.150,20.323
3594.163,-60.363,6.006,1.995,2.625,12.150,20.323
3594.179,-60.505,14.795,2.007,2.625,12.150,20.323
3594.195,-60.505,8.789,2.007,2.625,12.150,20.323
3594.210,-60.505,-14.355,1.995,2.625,12.150,20.323
3594.226,-60.505,-14.355,1.995,2.625,12.150,20.323
3594.242,-60.153,-36.914,1.995,2.625,12.150,20.323
3594.258,-60.363,-18.457,2.007,2.625,12.150,20.323
3594.273,-60.505,25.928,1.987,2.625,12.100,20.323
3594.289,-60.505,25.928,1.999,2.625,12.100,20.323
3594.305,-60.637,53.613,1.999,2.625,12.100,20.323
3594.321,-60.363,54.346,1.987,2.625,12.100,20.323
3594.337,-60.153,44.971,1.999,2.625,12.100,20.323
3594.352,-60.153,44.971,1.999,2.625,12.100,20.323
3594.368,-60.363,30.469,1.999,2.625,12.100,20.323
3594.384,-60.363,-5.273,1.999,2.625,12.100,20.323
3594.400,-60.505,-3.809,1.995,2.625,12.150,20.323
3594.415,-60.505,-3.809,1.995,2.625,12.150,20.323
3594.431,-60.505,-2.490,2.007,2.625,12.150,20.323
3594.447,-60.637,1.318,2.019,2.625,12.150,20.323
3594.463,-60.505,-23.438,2.007,2.625,12.150,20.323
3594.479,-60.505,-23.438,2.007,2.625,12.150,20.323
3594.494,-60.446,-27.539,1.995,2.625,12.150,20.323
3594.510,-60.505,-11.572,2.007,2.625,12.150,20.323
3594.526,-60.446,-1.172,1.999,2.625,12.100,20.323
3594.542,-60.446,-1.172,1.987,2.625,12.100,20.323
3594.558,-60.505,1.611,1.987,2.625,12.100,20.323
3594.573,-60.153,8.057,1.999,2.625,12.100,20.323
3594.589,-60.767,6.885,1.999,2.625,12.100,20.323
3594.605,-60.767,6.885,1.999,2.625,12.100,20.323
3594.621,-61.174,-22.998,1.999,2.625,12.100,20.323
3594.636,-61.535,-129.492,1.991,2.625,12.050,20.968
3594.652,-61.901,-328.857,1.991,2.625,12.050,20.968
3594.668,-61.901,-328.857,1.991,2.625,12.050,20.968
3594.684,-62.268,-567.920,1.991,2.625,12.050,20.968
3594.700,-62.636,-800.244,1.991,2.625,12.050,20.968
3594.715,-63.005,-970.459,1.991,2.625,12.050,20.968
3594.731,-63.005,-970.459,1.979,2.625,12.050,20.968
3594.747,-63.370,-1054.981,1.979,2.625,12.050,20.968
3594.763,-63.739,-1058.496,1.999,2.625,12.100,20.323
3594.779,-64.105,-1027.734,1.999,2.625,12.100,20.323
3594.794,-64.105,-1027.734,1.987,2.625,12.100,20.323
3594.810,-64.395,-1015.283,1.999,2.625,12.100,20.323
3594.826,-64.761,-1015.137,1.987,2.625,12.100,20.323
3594.842,-64.887,-997.852,2.011,2.625,12.100,20.323
3594.857,-64.887,-997.852,2.011,2.625,12.100,20.323
3594.873,-64.505,-903.369,1.999,2.625,12.100,20.323
3594.889,-64.152,-718.799,1.999,2.625,12.100,20.323
3594.905,-64.637,-464.648,1.987,2.625,12.100,20.323
3594.921,-64.637,-464.648,1.999,2.625,12.100,20.323
3594.936,-64.505,-229.980,1.999,2.625,12.100,20.323
3594.952,-64.363,-76.465,1.999,2.625,12.100,20.323
3594.968,-64.152,-7.324,1.999,2.625,12.100,20.323
3594.984,-64.152,-7.324,1.999,2.625,12.100,20.323
3594.000,-64.505,19.043,1.999,2.625,12.100,20.323
3595.015,-64.152,8.496,1.987,2.625,12.100,20.323
3595.031,-64.363,7.324,1.987,2.625,12.100,20.323
3595.047,-64.363,7.324,1.987,2.625,12.100,20.323
3595.063,-64.505,-14.063,1.987,2.625,12.100,20.323
3595.078,-64.505,-2.783,1.999,2.625,12.100,20.323
3595.094,-64.555,-22.852,1.999,2.625,12.100,20.323
3595.110,-64.555,-22.852,1.987,2.625,12.100,20.323
3595.126,-64.505,-29.590,1.999,2.625,12.100,20.323
3595.142,-64.363,-37.939,1.999,2.625,12.100,20.323
3595.157,-64.505,-12.744,1.987,2.625,12.100,20.323
3595.173,-64.505,-12.744,1.999,2.625,12.100,20.323
3595.189,-64.627,-0.879,1.999,2.625,12.100,20.323
3595.205,-64.152,14.941,1.987,2.625,12.100,20.323
3595.221,-64.505,20.801,1.987,2.625,12.100,20.323
3595.236,-64.505,20.801,1.999,2.625,12.100,19.677
3595.252,-64.505,12.012,1.999,2.625,12.100,19.677
3595.268,-64.555,-4.688,1.999,2.625,12.100,19.677
3595.284,-63.363,3.223,1.999,2.625,12.100,19.677
3595.299,-63.363,3.223,1.987,2.625,12.100,19.677
3595.315,-63.554,171.387,1.987,2.625,12.100,19.677
3595.331,-63.637,372.803,1.987,2.625,12.100,19.677
3595.347,-63.363,559.717,1.999,2.625,12.100,19.677
3595.363,-63.363,559.717,1.991,2.625,12.050,20.323
3595.379,-63.505,619.189,2.002,2.625,12.050,20.323
3595.394,-63.505,568.506,1.991,2.625,12.050,20.323
3595.410,-63.153,376.611,1.991,2.625,12.050,20.323
3595.426,-63.637,161.133,2.002,2.625,12.050,20.323
3595.442,-63.637,161.133,1.991,2.625,12.050,20.323
3595.458,-63.363,-4.541,1.991,2.625,12.050,20.323
3595.473,-63.505,-19.189,1.991,2.625,12.100,20.323
3595.489,-63.505,-19.189,1.999,2.625,12.100,20.323
3595.505,-63.500,-20.361,1.987,2.625,12.100,20.323
3595.521,-63.505,-3.662,1.999,2.625,12.100,20.323
3595.536,-63.505,3.662,1.999,2.625,12.100,20.323
3595.552,-63.637,6.152,1.999,2.625,12.100,20.323
3595.568,-63.637,6.152,2.011,2.625,12.100,20.323
3595.584,-63.153,-18.750,2.011,2.625,12.100,20.323
3595.600,-63.505,-21.533,1.999,2.625,12.100,20.323
3595.615,-63.505,-21.533,1.999,2.625,12.100,20.323
3595.631,-63.455,-21.533,1.999,2.625,12.100,20.323
3595.647,-63.872,-11.719,1.999,2.625,12.100,20.323
3595.663,-64.157,-55.225,1.999,2.625,12.100,20.323
3595.679,-64.532,-159.521,1.999,2.625,12.100,20.323
3595.694,-64.532,-159.521,1.999,2.625,12.100,20.323
3595.710,-64.637,-338.965,1.987,2.625,12.100,20.323
3595.726,-64.152,-512.402,2.007,2.625,12.150,20.323
3595.742,-64.637,-586.523,2.007,2.625,12.150,20.323
3595.757,-64.637,-586.523,2.019,2.625,12.150,20.323
3595.773,-64.363,-520.605,2.007,2.625,12.150,20.323
3595.789,-64.152,-365.479,2.007,2.625,12.150,20.323
3595.805,-64.152,-183.398,2.007,2.625,12.150,20.323
3595.820,-64.152,-183.398,2.007,2.625,12.150,20.323
3595.836,-64.363,-31.201,1.999,2.625,12.100,20.323
3595.852,-64.363,38.672,1.999,2.625,12.100,20.323
3595.868,-64.505,16.113,1.999,2.625,12.100,20.323
3595.884,-64.505,16.113,1.999,2.625,12.100,20.323
3595.899,-64.363,3.516,1.999,2.625,12.100,20.323
3595.915,-64.637,6.006,1.999,2.625,12.100,20.323
3595.931,-64.505,-18.750,1.999,2.625,12.100,20.323
3595.947,-64.505,-18.750,1.999,2.625,12.100,20.323
3595.963,-64.555,-61.816,1.994,2.625,12.000,20.968
3595.978,-64.637,-65.332,1.994,2.625,12.000,20.968
3595.994,-64.505,-38.232,1.982,2.625,12.000,20.968
3596.010,-64.505,-38.232,1.982,2.625,12.000,20.968
3596.026,-64.634,-32.666,1.982,2.625,12.000,20.968
3596.041,-64.381,-18.457,1.982,2.625,12.000,20.968
3596.057,-64.363,10.840,1.982,2.625,12.000,20.968
3596.073,-64.363,10.840,1.982,2.625,12.100,20.968
3596.089,-64.505,34.717,1.999,2.625,12.100,20.968
3596.105,-64.520,30.029,1.987,2.625,12.100,20.968
3596.120,-64.363,12.158,1.987,2.625,12.100,20.968
3596.136,-64.363,12.158,1.999,2.625,12.100,20.968
3596.152,-64.637,-2.051,1.999,2.625,12.100,20.968
3596.168,-64.576,-42.041,1.987,2.625,12.100,20.968
3596.183,-64.363,-56.836,1.987,2.625,12.100,20.968
3596.199,-64.363,-56.836,1.999,2.625,12.100,20.968
3596.215,-64.363,-50.244,1.987,2.625,12.100,20.968
3596.231,-64.505,-5.713,1.987,2.625,12.100,20.968
3596.247,-64.505,29.297,1.987,2.625,12.100,20.968
3596.262,-64.505,29.297,1.999,2.625,12.100,20.968
3596.278,-64.505,38.086,1.999,2.625,12.100,20.968
3596.294,-64.446,16.699,2.011,2.625,12.100,20.968
3596.310,-64.637,-1.318,1.999,2.625,12.100,20.968
3596.326,-64.637,-1.318,2.007,2.625,12.150,20.323
3596.341,-65.363,-5.566,2.007,2.625,12.150,20.323
3596.357,-65.446,-81.592,2.007,2.625,12.150,20.323
3596.373,-65.363,-243.311,1.995,2.625,12.150,20.323
3596.389,-65.363,-243.311,2.007,2.625,12.150,20.323
3596.404,-65.505,-407.227,2.007,2.625,12.150,20.323
3596.420,-65.637,-508.301,2.007,2.625,12.150,20.323
3596.436,-65.505,-553.125,2.007,2.625,12.100,20.968
3596.452,-65.505,-553.125,1.987,2.625,12.100,20.968
3596.467,-65.505,-458.496,1.987,2.625,12.100,20.968
3596.483,-65.505,-286.670,1.999,2.625,12.100,20.968
3596.499,-65.505,-92.725,1.999,2.625,12.100,20.968
3596.515,-65.505,-92.725,1.999,2.625,12.100,20.968
3596.531,-65.505,-22.998,1.999,2.625,12.100,20.968
3596.546,-65.505,-19.629,1.999,2.625,12.100,20.968
3596.562,-65.505,-13.623,1.999,2.625,12.100,20.968
3596.578,-65.505,-13.623,1.999,2.625,12.100,20.968
3596.594,-65.637,-4.834,1.999,2.625,12.100,20.968
3596.609,-66.121,-4.834,1.999,2.625,12.100,20.968
3596.625,-66.121,-102.979,1.987,2.625,12.100,20.968
3596.641,-66.121,-102.979,1.999,2.625,12.100,20.968
3596.657,-66.121,-224.268,1.999,2.625,12.100,20.968
3596.673,-66.121,-345.410,1.999,2.625,12.100,20.968
3596.688,-66.121,-369.580,1.991,2.625,12.050,20.323
3596.704,-66.121,-369.580,2.002,2.625,12.050,20.323
3596.720,-66.068,-352.734,1.991,2.625,12.050,20.323
3596.736,-66.470,-233.789,2.002,2.625,12.050,20.323
3596.752,-66.831,-167.139,2.014,2.625,12.050,20.323
3596.767,-66.831,-167.139,1.991,2.625,12.050,20.323
3596.783,-67.194,-181.934,1.991,2.625,12.050,20.323
3596.799,-67.553,-376.172,1.991,2.625,12.050,20.968
3596.815,-67.914,-592.090,1.991,2.625,12.050,20.968
3596.831,-67.914,-592.090,1.991,2.625,12.050,20.968
3596.846,-68.276,-797.607,1.991,2.625,12.050,20.968
3596.862,-68.638,-946.143,2.002,2.625,12.050,20.968
3596.878,-69.000,-1023.633,1.991,2.625,12.050,20.968
3596.894,-69.000,-1023.633,1.991,2.625,12.050,20.968
3596.910,-69.361,-1039.893,1.979,2.625,12.050,20.968
3596.925,-69.728,-1040.479,1.999,2.625,12.100,20.968
3596.941,-70.090,-1041.211,1.987,2.625,12.100,20.968
3596.957,-70.090,-1041.211,1.987,2.625,12.100,20.968
3596.973,-70.450,-1042.236,1.987,2.625,12.100,20.968
3596.988,-70.814,-1043.114,1.987,2.625,12.100,20.968
3597.004,-71.177,-1043.848,1.999,2.625,12.100,20.968
3597.020,-71.177,-1043.848,1.999,2.625,12.100,20.968
3597.036,-71.541,-1043.848,1.991,2.625,12.050,20.968
3597.052,-71.904,-1043.408,1.991,2.625,12.050,20.968
3597.067,-72.198,-1042.822,1.991,2.625,12.050,20.968
3597.083,-72.198,-1042.822,1.979,2.625,12.050,20.968
3597.099,-72.562,-1033.739,1.991,2.625,12.050,20.968
3597.115,-72.928,-1022.168,1.979,2.625,12.050,20.968
3597.130,-73.291,-1010.449,1.991,2.625,12.050,20.968
3597.146,-73.291,-1010.449,1.979,2.625,12.050,20.968
3597.162,-73.663,-1008.106,1.999,2.625,12.100,20.968
3597.178,-73.505,-1009.424,1.999,2.625,12.100,20.968
3597.194,-73.152,-971.338,1.999,2.625,12.100,20.968
3597.210,-73.152,-971.338,2.011,2.625,12.100,20.968
3597.225,-73.554,-818.408,2.011,2.625,12.100,20.968
3597.241,-74.133,-608.936,1.999,2.625,12.100,20.968
3597.257,-74.499,-447.510,1.999,2.625,12.100,20.968
3597.273,-74.499,-447.510,1.999,2.625,12.100,20.968
3597.288,-74.863,-400.781,1.999,2.625,12.100,20.968
3597.304,-75.157,-494.971,1.999,2.625,12.100,20.968
3597.320,-75.522,-681.152,1.999,2.625,12.100,20.968
3597.336,-75.522,-681.152,1.999,2.625,12.100,20.968
3597.352,-75.891,-897.510,1.987,2.625,12.100,20.968
3597.367,-76.251,-1022.022,1.987,2.625,12.100,20.968
3597.383,-76.620,-1035.205,1.999,2.625,12.100,20.968
3597.399,-76.620,-1035.205,1.999,2.625,12.100,20.968
3597.415,-76.986,-1012.500,1.999,2.625,12.100,20.968
3597.430,-77.346,-1010.010,1.999,2.625,12.100,20.968
3597.446,-77.717,-1010.010,1.987,2.625,12.100,20.968
3597.462,-77.717,-1010.010,1.987,2.625,12.100,20.968
3597.478,-78.081,-1010.303,1.999,2.625,12.100,20.968
3597.494,-78.456,-1010.303,1.999,2.625,12.100,20.968
3597.509,-78.153,-1010.596,1.987,2.625,12.100,20.968
3597.525,-78.153,-1010.596,1.999,2.625,12.100,20.968
3597.541,-78.505,-973.682,1.999,2.625,12.100,20.968
3597.557,-78.505,-867.627,1.987,2.625,12.100,20.968
3597.573,-78.505,-691.699,1.999,2.625,12.100,20.968
3597.588,-78.505,-691.699,2.011,2.625,12.100,20.968
3597.604,-78.505,-438.574,1.999,2.625,12.100,20.968
3597.620,-78.505,-225.732,1.999,2.625,12.100,20.968
3597.636,-78.505,-80.127,1.999,2.625,12.100,20.968
3597.651,-78.505,-80.127,1.987,2.625,12.100,20.968
3597.667,-78.637,-38.672,1.999,2.625,12.100,20.968
3597.683,-78.505,-22.266,1.999,2.625,12.100,20.968
3597.699,-78.363,-34.131,1.999,2.625,12.100,20.968
3597.715,-78.363,-34.131,1.999,2.625,12.100,20.968
3597.730,-78.505,-16.699,1.999,2.625,12.100,20.968
3597.746,-78.505,8.643,1.999,2.625,12.100,20.968
3597.762,-78.363,52.148,1.987,2.625,12.100,20.968
3597.778,-78.363,52.148,1.999,2.625,12.100,20.968
3597.794,-78.505,43.945,1.999,2.625,12.100,20.968
3597.809,-78.505,18.018,1.999,2.625,12.100,20.968
3597.825,-78.637,-17.138,1.999,2.625,12.100,20.968
3597.841,-78.637,-17.138,1.999,2.625,12.100,20.968
3597.857,-78.505,-34.131,1.999,2.625,12.100,20.968
3597.873,-78.363,-56.836,1.987,2.625,12.150,20.323
3597.888,-78.505,-65.186,1.995,2.625,12.150,20.323
3597.904,-78.505,-65.186,1.995,2.625,12.150,20.323
3597.920,-78.505,-47.021,2.007,2.625,12.150,20.323
3597.936,-78.505,-13.184,2.007,2.625,12.150,20.323
3597.951,-78.637,32.227,2.007,2.625,12.150,20.323
3597.967,-78.505,32.227,1.995,2.625,12.150,20.323
3597.983,-78.505,32.227,1.995,2.625,12.150,20.323
3597.999,-78.505,21.094,1.999,2.625,12.100,20.323
3598.015,-78.363,0.000,1.999,2.625,12.100,20.323
3598.030,-78.363,0.000,1.987,2.625,12.100,20.323
3598.046,-78.555,0.000,1.987,2.625,12.100,20.323
3598.062,-78.373,8.936,1.987,2.625,12.100,20.323
3598.078,-78.637,28.711,2.011,2.625,12.100,20.323
3598.093,-78.505,28.711,1.999,2.625,12.100,20.323
3598.109,-78.505,28.711,1.999,2.625,12.100,20.323
3598.125,-78.505,20.947,1.991,2.625,12.050,20.968
3598.141,-78.505,0.000,1.991,2.625,12.050,20.968
3598.157,-78.505,0.000,1.991,2.625,12.050,20.968
3598.172,-78.505,0.000,1.991,2.625,12.050,20.968
3598.188,-78.637,2.490,2.002,2.625,12.050,20.968
3598.204,-78.363,22.266,1.991,2.625,12.050,20.968
3598.220,-78.637,32.373,1.979,2.625,12.050,20.968
3598.235,-78.637,32.373,1.995,2.625,12.150,20.968
3598.251,-78.363,31.055,2.007,2.625,12.150,20.968
3598.267,-78.505,2.051,2.007,2.625,12.150,20.968
3598.283,-78.637,-35.449,2.007,2.625,12.150,20.968
3598.299,-78.637,-35.449,2.007,2.625,12.150,20.968
3598.314,-78.254,-35.888,2.019,2.625,12.150,20.968
3598.330,-78.363,-17.871,2.007,2.625,12.150,20.968
3598.346,-78.505,12.451,2.007,2.625,12.150,20.968
3598.362,-78.505,12.451,1.991,2.625,12.050,20.968
3598.378,-78.504,12.891,1.991,2.625,12.050,20.968
3598.393,-78.637,6.738,1.979,2.625,12.050,20.968
3598.409,-78.637,-0.439,1.991,2.625,12.050,20.968
3598.425,-78.637,-0.439,1.991,2.625,12.050,20.968
3598.441,-78.363,-0.439,1.979,2.625,12.050,20.968
3598.456,-78.363,3.516,1.979,2.625,12.050,20.968
3598.472,-78.363,8.789,2.002,2.625,12.050,20.968
3598.488,-78.363,8.789,1.991,2.625,12.050,20.968
3598.504,-78.505,8.789,1.991,2.625,12.050,20.968
3598.520,-78.505,0.879,1.991,2.625,12.050,20.968
3598.535,-78.153,1.172,1.991,2.625,12.050,20.968
3598.551,-78.153,1.172,1.991,2.625,12.050,20.968
3598.567,-78.505,2.051,1.991,2.625,12.050,20.968
3598.583,-78.505,-0.293,1.991,2.625,12.050,20.968
3598.598,-78.363,-0.293,1.999,2.625,12.100,20.323
3598.614,-78.363,-0.293,1.999,2.625,12.100,20.323
3598.630,-78.505,-3.809,1.999,2.625,12.100,20.323
3598.646,-78.505,0.000,1.999,2.625,12.100,20.323
3598.661,-78.505,0.000,1.999,2.625,12.100,20.323
3598.677,-78.505,0.000,1.999,2.625,12.100,20.323
3598.693,-78.505,0.000,1.999,2.625,12.100,20.323
3598.709,-78.505,0.000,1.999,2.625,12.100,20.323
3598.725,-78.363,-8.203,1.999,2.625,12.100,20.323
3598.740,-78.363,-8.203,1.999,2.625,12.100,20.323
3598.756,-78.505,-14.502,1.999,2.625,12.100,20.323
3598.772,-78.363,-14.502,1.999,2.625,12.100,20.323
3598.788,-78.637,11.719,1.999,2.625,12.100,20.323
3598.804,-78.637,11.719,1.999,2.625,12.100,20.323
3598.819,-78.153,23.877,1.999,2.625,12.100,20.323
3598.835,-78.153,33.838,1.999,2.625,12.100,20.968
3598.851,-78.363,31.201,1.999,2.625,12.100,20.968
3598.867,-78.363,31.201,1.999,2.625,12.100,20.968
3598.883,-78.153,39.258,1.999,2.625,12.100,20.968
3598.898,-78.363,55.811,1.999,2.625,12.100,20.968
3598.914,-78.637,68.555,1.999,2.625,12.100,20.968
3598.930,-78.637,68.555,1.999,2.625,12.100,20.968
3598.946,-78.637,58.740,1.999,2.625,12.100,20.968
3598.962,-78.637,22.998,2.007,2.625,12.150,20.968
3598.977,-78.505,-13.477,1.995,2.625,12.150,20.968
3598.993,-78.505,-13.477,2.007,2.625,12.150,20.968
3599.009,-78.363,-21.826,2.007,2.625,12.150,20.968
3599.025,-78.363,-16.260,2.007,2.625,12.150,20.968
3599.040,-78.637,5.273,2.007,2.625,12.150,20.968
3599.056,-78.637,5.273,1.995,2.625,12.150,20.968
3599.072,-78.637,10.547,1.995,2.625,12.150,20.968
3599.088,-78.363,8.203,1.999,2.625,12.100,20.968
3599.103,-78.153,-3.223,1.999,2.625,12.100,20.968
3599.119,-78.153,-3.223,1.999,2.625,12.100,20.968
3599.135,-78.363,-9.814,1.999,2.625,12.100,20.968
3599.151,-78.505,-1.465,1.999,2.625,12.100,20.968
3599.167,-78.363,14.209,1.999,2.625,12.100,20.968
3599.182,-78.363,14.209,1.999,2.625,12.100,20.968
3599.198,-78.363,27.393,1.999,2.625,12.100,20.968
3599.214,-78.363,30.029,1.999,2.625,12.100,20.968
3599.230,-78.505,16.113,2.011,2.625,12.100,20.968
3599.246,-78.505,16.113,1.999,2.625,12.100,20.968
3599.261,-78.637,-3.662,1.999,2.625,12.100,20.968
3599.278,-78.446,-19.629,1.999,2.625,12.100,20.968
3599.294,-78.363,-19.629,1.999,2.625,12.100,20.968
3599.309,-78.363,-19.629,2.011,2.625,12.100,20.968
3599.325,-78.363,0.146,2.002,2.625,12.050,20.968
3599.341,-78.505,42.041,1.991,2.625,12.050,20.968
3599.357,-78.505,65.918,1.991,2.625,12.050,20.968
3599.372,-78.505,65.918,1.991,2.625,12.050,20.968
3599.388,-78.637,53.027,1.991,2.625,12.050,20.968
3599.404,-78.505,18.457,1.991,2.625,12.050,20.968
3599.420,-78.505,-29.590,1.991,2.625,12.050,20.968
3599.436,-78.505,-29.590,1.999,2.625,12.100,20.968
3599.451,-78.363,-58.740,1.999,2.625,12.100,20.968
3599.467,-78.363,-77.637,1.999,2.625,12.100,20.968
3599.483,-78.637,-41.455,1.999,2.625,12.100,20.968
3599.499,-78.637,-41.455,1.999,2.625,12.100,20.968
3599.514,-78.153,-1.318,2.011,2.625,12.100,20.968
3599.530,-78.505,41.602,2.011,2.625,12.100,20.968
3599.546,-78.555,46.289,1.999,2.625,12.100,20.968
3599.562,-78.555,46.289,1.999,2.625,12.100,20.968
3599.578,-78.637,13.330,1.999,2.625,12.100,20.968
3599.593,-78.153,-23.145,1.999,2.625,12.100,20.968
3599.609,-78.363,-55.225,1.999,2.625,12.100,20.968
3599.625,-78.363,-55.225,1.999,2.625,12.100,20.968
3599.641,-78.637,-50.830,1.999,2.625,12.100,20.968
3599.657,-78.363,-12.451,1.999,2.625,12.100,20.968
3599.672,-78.505,26.221,1.999,2.625,12.100,20.968
3599.688,-78.505,26.221,1.999,2.625,12.100,20.323
3599.704,-78.153,53.174,1.999,2.625,12.100,20.323
3599.720,-78.363,30.762,1.999,2.625,12.100,20.323
3599.735,-78.505,4.394,1.999,2.625,12.100,20.323
3599.751,-78.505,4.394,1.999,2.625,12.100,20.323
3599.767,-78.555,-7.764,1.999,2.625,12.100,20.323
3599.783,-78.637,0.000,1.999,2.625,12.100,20.323
3599.799,-78.153,-4.980,1.991,2.625,12.050,20.968
3599.814,-78.153,-4.980,1.991,2.625,12.050,20.968
3599.830,-78.637,-10.986,1.991,2.625,12.050,20.968
3599.846,-78.505,-22.705,1.991,2.625,12.050,20.968
3599.862,-78.637,-27.832,1.991,2.625,12.050,20.968
3599.878,-78.637,-27.832,1.991,2.625,12.050,20.968
3599.893,-78.504,-21.680,1.991,2.625,12.050,20.968
3599.909,-78.513,-9.814,1.991,2.625,12.050,20.968
3599.925,-78.119,0.293,1.994,2.625,12.000,20.968
3599.941,-78.119,0.293,1.994,2.625,12.000,20.968
3599.957,-78.482,42.334,1.971,2.625,12.000,20.968
3599.972,-78.844,57.275,1.982,2.625,12.000,20.968
3599.988,-79.208,0.000,1.982,2.625,12.000,20.968
