-23.107,3576.881,-25.241,0,0,0,12.45,20.323
-23.089,3576.899,-25.241,0,0,0,12.45,20.323
-23.074,3576.914,-25.24,0,0,0,12.45,20.323
-23.059,3576.929,-25.241,0,0,0,12.45,20.323
-23.044,3576.944,-25.241,0,0,0,12.45,20.323
-23.029,3576.959,-25.241,0,0,0,12.45,20.323
-23.014,3576.974,-25.24,0,0,0,12.45,20.323
-22.999,3576.989,-25.241,0,0,0,12.45,20.323
-22.984,3577.004,-25.241,0,0,0,12.45,20.323
-22.969,3577.019,-25.241,0,0,0,12.45,20.323
-22.954,3577.034,-25.241,0,0,0,12.45,20.323
-22.94,3577.048,-25.241,0,0,0,12.45,20.323
-22.925,3577.063,-25.241,0,0,0,12.45,20.323
-22.91,3577.078,-25.241,0,0,0,12.45,20.323
-22.895,3577.093,-25.241,0,0,0,12.45,20.323
-22.88,3577.108,-25.241,0,0,0,12.45,20.323
-22.865,3577.123,-25.241,0,0,0,12.45,20.323
-22.85,3577.138,-25.241,0,0,0,12.45,20.323
-22.835,3577.153,-25.241,0,0,0,12.45,20.323
-22.82,3577.168,-25.241,0,0,0,12.45,20.323
-22.804,3577.184,-25.241,0,0,0,12.45,20.323
-22.789,3577.199,-25.241,0,0,0,12.45,20.323
-22.774,3577.214,-25.241,0,0,0,12.45,20.323
-22.758,3577.23,-25.24,0,0,0,12.45,20.323
-22.743,3577.245,-25.241,0,0,0,12.45,20.323
-22.728,3577.26,-25.241,0,0,0,12.45,20.323
-22.712,3577.276,-25.241,0,0,0,12.45,20.323
-22.697,3577.291,-25.241,0,0,0,12.45,20.323
-22.683,3577.305,-25.241,0,0,0,12.45,20.323
-22.668,3577.32,-25.241,0,0,0,12.45,20.323
-22.653,3577.335,-25.241,0,0,0,12.45,20.323
-22.638,3577.35,-25.241,0,0,0,12.45,20.323
-22.622,3577.366,-25.241,0,0,0,12.45,20.323
-22.607,3577.381,-25.241,0,0,0,12.45,20.323
-22.592,3577.396,-25.241,0,0,0,12.45,20.323
-22.577,3577.411,-25.241,0,0,0,12.45,20.323
-22.562,3577.426,-25.241,0,0,0,12.45,20.323
-22.547,3577.441,-25.241,0,0,0,12.45,20.323
-22.532,3577.456,-25.241,0,0,0,12.45,20.323
-22.517,3577.471,-25.241,0,0,0,12.45,20.323
-22.502,3577.486,-25.241,0,0,0,12.45,20.323
-22.486,3577.502,-25.241,0,0,0,12.45,20.323
-22.471,3577.517,-25.241,0,0,0,12.45,20.323
-22.456,3577.532,-25.241,0,0,0,12.45,20.323
-22.442,3577.546,-25.241,0,0,0,12.45,20.323
-22.426,3577.562,-25.24,0,0,0,12.45,20.323
-22.411,3577.577,-25.241,0,0,0,12.45,20.323
-22.396,3577.592,-25.241,0,0,0,12.45,20.323
-22.381,3577.607,-25.241,0,0,0,12.45,20.323
-22.366,3577.622,-25.241,0,0,0,12.45,20.323
-22.351,3577.637,-25.241,0,0,0,12.45,20.323
-22.336,3577.652,-25.241,0,0,0,12.45,20.323
-22.321,3577.667,-25.241,0,0,0,12.45,20.323
-22.306,3577.682,-25.241,0,0,0,12.45,20.323
-22.291,3577.697,-25.241,0,0,0,12.45,20.323
-22.276,3577.712,-25.241,0,0,0,12.45,20.323
-22.261,3577.727,-25.241,0,0,0,12.45,20.323
-22.246,3577.742,-25.241,0,0,0,12.45,20.323
-22.23,3577.758,-25.241,0,0,0,12.45,20.323
-22.214,3577.774,-25.241,0,0,0,12.45,20.323
-22.199,3577.789,-25.241,0,0,0,12.45,20.323
-22.184,3577.804,-25.241,0,0,0,12.45,20.323
-22.169,3577.819,-25.241,0,0,0,12.45,20.323
-22.153,3577.835,-25.241,0,0,0,12.45,20.323
-22.138,3577.85,-25.241,0,0,0,12.45,20.323
-22.123,3577.865,-25.241,0,0,0,12.45,20.323
-22.108,3577.88,-25.241,0,0,0,12.45,20.323
-22.093,3577.895,-25.241,0,0,0,12.45,20.323
-22.078,3577.91,-25.241,0,0,0,12.45,20.323
-22.062,3577.926,-25.241,0,0,0,12.45,20.323
-22.046,3577.942,-25.241,0,0,0,12.45,20.323
-22.03,3577.958,-25.241,0,0,0,12.45,20.323
-22.015,3577.973,-25.241,0,0,0,12.45,20.323
-22,3577.988,-25.241,0,0,0,12.45,20.323
-21.985,3578.003,-25.241,0,0,0,12.45,20.323
-21.971,3578.017,-25.241,0,0,0,12.45,20.323
-21.956,3578.032,-25.241,0,0,0,12.45,20.323
-21.941,3578.047,-25.241,0,0,0,12.45,20.323
-21.926,3578.062,-25.241,0,0,0,12.45,20.323
-21.91,3578.078,-25.241,0,0,0,12.45,20.323
-21.895,3578.093,-25.241,0,0,0,12.45,20.323
-21.88,3578.108,-25.241,0,0,0,12.45,20.323
-21.865,3578.123,-25.241,0,0,0,12.45,20.323
-21.85,3578.138,-25.241,0,0,0,12.45,20.323
-21.835,3578.153,-25.241,0,0,0,12.45,20.323
-21.82,3578.168,-25.241,0,0,0,12.45,20.323
-21.805,3578.183,-25.241,0,0,0,12.45,20.323
-21.789,3578.199,-25.241,0,0,0,12.45,20.323
-21.774,3578.214,-25.241,0,0,0,12.45,20.323
-21.759,3578.229,-25.241,0,0,0,12.45,20.323
-21.745,3578.243,-25.241,0,0,0,12.45,20.323
-21.73,3578.258,-25.241,0,0,0,12.45,20.323
-21.714,3578.274,-25.241,0,0,0,12.45,20.323
-21.698,3578.29,-25.241,0,0,0,12.45,20.323
-21.683,3578.305,-25.241,0,0,0,12.45,20.323
-21.668,3578.32,-25.241,0,0,0,12.45,20.323
-21.653,3578.335,-25.241,0,0,0,12.45,20.323
-21.638,3578.35,-25.241,0,0,0,12.45,20.323
-21.623,3578.365,-25.241,0,0,0,12.45,20.323
-21.608,3578.38,-25.241,0,0,0,12.45,20.323
-21.593,3578.395,-25.241,0,0,0,12.45,20.323
-21.578,3578.41,-25.241,0,0,0,12.45,20.323
-21.563,3578.425,-25.241,0,0,0,12.45,20.323
-21.548,3578.44,-25.241,0,0,0,12.45,20.323
-21.533,3578.455,-25.241,0,0,0,12.45,20.323
-21.519,3578.469,-25.241,0,0,0,12.45,20.323
-21.504,3578.484,-25.241,0,0,0,12.45,20.323
-21.489,3578.499,-25.241,0,0,0,12.45,20.323
-21.473,3578.515,-25.241,0,0,0,12.45,20.323
-21.458,3578.53,-25.24,0,0,0,12.45,20.323
-21.443,3578.545,-25.241,0,0,0,12.45,20.323
-21.428,3578.56,-25.241,0,0,0,12.45,20.323
-21.413,3578.575,-25.241,0,0,0,12.45,20.323
-21.397,3578.591,-25.241,0,0,0,12.45,20.323
-21.382,3578.606,-25.241,0,0,0,12.45,20.323
-21.367,3578.621,-25.241,0,0,0,12.45,20.323
-21.352,3578.636,-25.241,0,0,0,12.45,20.323
-21.337,3578.651,-25.241,0,0,0,12.45,20.323
-21.323,3578.665,-25.241,0,0,0,12.45,20.323
-21.308,3578.68,-25.241,0,0,0,12.45,20.323
-21.293,3578.695,-25.241,0,0,0,12.45,20.323
-21.278,3578.71,-25.241,0,0,0,12.45,20.323
-21.261,3578.727,-25.241,0,0,0,12.45,20.323
-21.246,3578.742,-25.241,0,0,0,12.45,20.323
-21.231,3578.757,-25.241,0,0,0,12.45,20.323
-21.216,3578.772,-25.241,0,0,0,12.45,20.323
-21.201,3578.787,-25.241,0,0,0,12.45,20.323
-21.185,3578.803,-25.241,0,0,0,12.45,20.968
-21.17,3578.818,-25.241,0,0,0,12.45,20.968
-21.155,3578.833,-25.241,0,0,0,12.45,20.968
-21.14,3578.848,-25.24,0,0,0,12.45,20.968
-21.124,3578.864,-25.241,0,0,0,12.45,20.968
-21.109,3578.879,-25.241,0,0,0,12.45,20.968
-21.094,3578.894,-25.241,0,0,0,12.45,20.968
-21.079,3578.909,-25.241,0,0,0,12.45,20.968
-21.064,3578.924,-25.241,0,0,0,12.45,20.323
-21.049,3578.939,-25.241,0,0,0,12.45,20.323
-21.034,3578.954,-25.241,0,0,0,12.45,20.323
-21.019,3578.969,-25.241,0,0,0,12.45,20.323
-21.004,3578.984,-25.241,0,0,0,12.45,20.323
-20.99,3578.998,-25.241,0,0,0,12.45,20.323
-20.975,3579.013,-25.241,0,0,0,12.45,20.323
-20.96,3579.028,-25.241,0,0,0,12.45,20.323
-20.945,3579.043,-25.241,0,0,0,12.45,20.968
-20.93,3579.058,-25.241,0,0,0,12.45,20.968
-20.915,3579.073,-25.241,0,0,0,12.45,20.968
-20.899,3579.089,-25.241,0,0,0,12.45,20.968
-20.884,3579.104,-25.241,0,0,0,12.45,20.968
-20.869,3579.119,-25.241,0,0,0,12.45,20.968
-20.853,3579.135,-25.241,0,0,0,12.45,20.968
-20.838,3579.15,-25.241,0,0,0,12.45,20.968
-20.823,3579.165,-25.241,0,0,0,12.45,20.323
-20.808,3579.18,-25.241,0,0,0,12.45,20.323
-20.793,3579.195,-25.241,0,0,0,12.45,20.323
-20.778,3579.21,-25.241,0,0,0,12.45,20.323
-20.763,3579.225,-25.241,0,0,0,12.45,20.323
-20.748,3579.24,-25.241,0,0,0,12.45,20.323
-20.733,3579.255,-25.241,0,0,0,12.45,20.323
-20.719,3579.269,-25.241,0,0,0,12.45,20.323
-20.704,3579.284,-25.241,0,0,0,12.45,20.968
-20.689,3579.299,-25.241,0,0,0,12.45,20.968
-20.674,3579.314,-25.241,0,0,0,12.45,20.968
-20.659,3579.329,-25.241,0,0,0,12.45,20.968
-20.644,3579.344,-25.241,0,0,0,12.45,20.968
-20.628,3579.36,-25.241,0,0,0,12.45,20.968
-20.613,3579.375,-25.241,0,0,0,12.45,20.968
-20.598,3579.39,-25.241,0,0,0,12.45,20.968
-20.583,3579.405,-25.241,0,0,0,12.45,20.968
-20.568,3579.42,-25.241,0,0,0,12.45,20.968
-20.552,3579.436,-25.241,0,0,0,12.45,20.968
-20.537,3579.451,-25.241,0,0,0,12.45,20.968
-20.522,3579.466,-25.241,0,0,0,12.45,20.968
-20.507,3579.481,-25.241,0,0,0,12.45,20.968
-20.491,3579.497,-25.241,0,0,0,12.45,20.968
-20.476,3579.512,-25.24,0,0,0,12.45,20.968
-20.461,3579.527,-25.24,0,0,0,12.45,20.968
-20.447,3579.541,-25.241,0,0,0,12.45,20.968
-20.432,3579.556,-25.241,0,0,0,12.45,20.968
-20.417,3579.571,-25.241,0,0,0,12.45,20.968
-20.402,3579.586,-25.241,0,0,0,12.45,20.968
-20.386,3579.602,-25.241,0,0,0,12.45,20.968
-20.371,3579.617,-25.241,0,0,0,12.45,20.968
-20.356,3579.632,-25.241,0,0,0,12.45,20.968
-20.341,3579.647,-25.241,0,0,0,12.45,20.968
-20.325,3579.663,-25.241,0,0,0,12.45,20.968
-20.309,3579.679,-25.241,0,0,0,12.45,20.968
-20.293,3579.695,-25.241,0,0,0,12.45,20.968
-20.278,3579.71,-25.241,0,0,0,12.45,20.968
-20.262,3579.726,-25.241,0,0,0,12.45,20.968
-20.247,3579.741,-25.241,0,0,0,12.45,20.968
-20.232,3579.756,-25.241,0,0,0,12.45,20.968
-20.217,3579.771,-25.241,0,0,0,12.45,20.968
-20.201,3579.787,-25.241,0,0,0,12.45,20.968
-20.186,3579.802,-25.241,0,0,0,12.45,20.968
-20.17,3579.818,-25.241,0,0,0,12.45,20.968
-20.155,3579.833,-25.241,0,0,0,12.45,20.968
-20.141,3579.847,-25.241,0,0,0,12.45,20.968
-20.126,3579.862,-25.241,0,0,0,12.45,20.968
-20.11,3579.878,-25.241,0,0,0,12.45,20.968
-20.094,3579.894,-25.241,0,0,0,12.45,20.968
-20.078,3579.91,-25.241,0,0,0,12.45,20.968
-20.062,3579.926,-25.241,0,0,0,12.45,20.968
-20.047,3579.941,-25.241,0,0,0,12.45,20.968
-20.031,3579.957,-25.241,0,0,0,12.45,20.968
-20.015,3579.973,-25.241,0,0,0,12.45,20.968
-19.999,3579.989,-25.241,0,0,0,12.45,20.968
-19.983,3580.005,-25.241,0,0,0,12.45,20.968
-19.968,3580.02,-25.241,0,0,0,12.45,20.968
-19.952,3580.036,-25.24,0,0,0,12.45,20.968
-19.936,3580.052,-25.24,0,0,0,12.45,20.968
-19.92,3580.068,-25.24,0,0,0,12.45,20.968
-19.904,3580.084,-25.241,0,0,0,12.45,20.968
-19.889,3580.099,-25.241,0,0,0,12.45,20.968
-19.873,3580.115,-25.241,0,0,0,12.45,20.968
-19.857,3580.131,-25.241,0,0,0,12.45,20.968
-19.841,3580.147,-25.241,0,0,0,12.45,20.968
-19.825,3580.163,-25.241,0,0,0,12.45,20.968
-19.81,3580.178,-25.241,0,0,0,12.45,20.968
-19.794,3580.194,-25.241,0,0,0,12.45,20.968
-19.778,3580.21,-25.241,0,0,0,12.45,20.968
-19.762,3580.226,-25.241,0,0,0,12.45,20.968
-19.746,3580.242,-25.241,0,0,0,12.45,20.968
-19.731,3580.257,-25.241,0,0,0,12.45,20.968
-19.715,3580.273,-25.241,0,0,0,12.45,20.968
-19.699,3580.289,-25.241,0,0,0,12.45,20.968
-19.683,3580.305,-25.241,0,0,0,12.45,20.968
-19.667,3580.321,-25.241,0,0,0,12.45,20.968
-19.652,3580.336,-25.241,0,0,0,12.45,20.968
-19.636,3580.352,-25.241,0,0,0,12.45,20.968
-19.62,3580.368,-25.241,0,0,0,12.45,20.968
-19.604,3580.384,-25.241,0,0,0,12.45,20.968
-19.589,3580.399,-25.241,0,0,0,12.45,20.968
-19.573,3580.415,-25.241,0,0,0,12.45,20.968
-19.557,3580.431,-25.241,0,0,0,12.45,20.968
-19.541,3580.447,-25.241,0,0,0,12.45,20.968
-19.525,3580.463,-25.241,0,0,0,12.45,20.968
-19.51,3580.478,-25.241,0,0,0,12.45,20.968
-19.494,3580.494,-25.241,0,0,0,12.45,20.968
-19.478,3580.51,-25.241,0,0,0,12.45,20.968
-19.462,3580.526,-25.241,0,0,0,12.45,20.968
-19.447,3580.541,-25.241,0,0,0,12.45,20.968
-19.431,3580.557,-25.24,0,0,0,12.45,20.968
-19.415,3580.573,-25.24,0,0,0,12.45,20.968
-19.399,3580.589,-25.241,0,0,0,12.45,20.968
-19.383,3580.605,-25.241,0,0,0,12.45,20.968
-19.368,3580.62,-25.241,0,0,0,12.45,20.968
-19.352,3580.636,-25.241,0,0,0,12.45,20.968
-19.336,3580.652,-25.241,0,0,0,12.45,20.968
-19.32,3580.668,-25.241,0,0,0,12.45,20.968
-19.305,3580.683,-25.241,0,0,0,12.45,20.968
-19.289,3580.699,-25.241,0,0,0,12.45,20.968
-19.273,3580.715,-25.241,0,0,0,12.45,20.968
-19.258,3580.73,-25.241,0,0,0,12.45,20.968
-19.242,3580.746,-25.241,0,0,0,12.45,20.968
-19.227,3580.761,-25.241,0,0,0,12.45,20.968
-19.211,3580.777,-25.241,0,0,0,12.45,20.968
-19.195,3580.793,-25.241,0,0,0,12.45,20.968
-19.179,3580.809,-25.241,0,0,0,12.45,20.968
-19.163,3580.825,-25.241,0,0,0,12.45,20.968
-19.148,3580.84,-25.241,0,0,0,12.45,20.968
-19.132,3580.856,-25.241,0,0,0,12.45,20.968
-19.116,3580.872,-25.241,0,0,0,12.45,20.968
-19.1,3580.888,-25.241,0,0,0,12.45,20.968
-19.085,3580.903,-25.241,0,0,0,12.45,20.968
-19.069,3580.919,-25.241,0,0,0,12.45,20.968
-19.053,3580.935,-25.241,0,0,0,12.45,20.968
-19.037,3580.951,-25.241,0,0,0,12.45,20.968
-19.022,3580.966,-25.241,0,0,0,12.45,20.968
-19.006,3580.982,-25.241,0,0,0,12.45,20.968
-18.99,3580.998,-25.241,0,0,0,12.45,20.968
-18.974,3581.014,-25.241,0,0,0,12.45,20.968
-18.958,3581.03,-25.241,0,0,0,12.45,20.968
-18.943,3581.045,-25.241,0,0,0,12.45,20.968
-18.927,3581.061,-25.241,0,0,0,12.45,20.968
-18.911,3581.077,-25.241,0,0,0,12.45,20.968
-18.895,3581.093,-25.241,0,0,0,12.45,20.968
-18.88,3581.108,-25.241,0,0,0,12.45,20.968
-18.864,3581.124,-25.241,0,0,0,12.45,20.968
-18.848,3581.14,-25.241,0,0,0,12.45,20.968
-18.832,3581.156,-25.241,0,0,0,12.45,20.968
-18.817,3581.171,-25.24,0,0,0,12.45,20.968
-18.801,3581.187,-25.241,0,0,0,12.45,20.968
-18.785,3581.203,-25.241,0,0,0,12.45,20.968
-18.769,3581.219,-25.241,0,0,0,12.45,20.968
-18.753,3581.235,-25.241,0,0,0,12.45,20.968
-18.738,3581.25,-25.241,0,0,0,12.45,20.968
-18.722,3581.266,-25.241,0,0,0,12.45,20.968
-18.706,3581.282,-25.241,0,0,0,12.45,20.968
-18.69,3581.298,-25.241,0,0,0,12.45,20.968
-18.674,3581.314,-25.241,0,0,0,12.45,20.968
-18.659,3581.329,-25.241,0,0,0,12.45,20.968
-18.643,3581.345,-25.241,0,0,0,12.45,20.968
-18.627,3581.361,-25.241,0,0,0,12.45,20.968
-18.611,3581.377,-25.241,0,0,0,12.45,20.968
-18.596,3581.392,-25.241,0,0,0,12.45,20.968
-18.58,3581.408,-25.241,0,0,0,12.45,20.968
-18.564,3581.424,-25.241,0,0,0,12.45,20.968
-18.548,3581.44,-25.241,0,0,0,12.45,20.968
-18.532,3581.456,-25.241,0,0,0,12.45,20.968
-18.517,3581.471,-25.241,0,0,0,12.45,20.968
-18.501,3581.487,-25.241,0,0,0,12.45,20.968
-18.485,3581.503,-25.241,0,0,0,12.45,20.968
-18.469,3581.519,-25.241,0,0,0,12.45,20.968
-18.454,3581.534,-25.241,0,0,0,12.45,20.968
-18.438,3581.55,-25.241,0,0,0,12.45,20.968
-18.422,3581.566,-25.241,0,0,0,12.45,20.968
-18.406,3581.582,-25.241,0,0,0,12.45,20.968
-18.39,3581.598,-25.241,0,0,0,12.45,20.968
-18.375,3581.613,-25.241,0,0,0,12.45,20.968
-18.359,3581.629,-25.241,0,0,0,12.45,20.968
-18.343,3581.645,-25.241,0,0,0,12.45,20.968
-18.327,3581.661,-25.241,0,0,0,12.45,20.968
-18.312,3581.676,-25.241,0,0,0,12.45,20.968
-18.296,3581.692,-25.241,0,0,0,12.45,20.968
-18.28,3581.708,-25.241,0,0,0,12.45,20.968
-18.264,3581.724,-25.241,0,0,0,12.45,20.968
-18.248,3581.74,-25.241,0,0,0,12.45,20.968
-18.232,3581.756,-25.241,0,0,0,12.45,20.968
-18.217,3581.771,-25.241,0,0,0,12.45,20.968
-18.201,3581.787,-25.241,0,0,0,12.45,20.968
-18.185,3581.803,-25.241,0,0,0,12.45,20.968
-18.169,3581.819,-25.241,0,0,0,12.45,20.968
-18.154,3581.834,-25.241,0,0,0,12.45,20.968
-18.138,3581.85,-25.241,0,0,0,12.45,20.968
-18.122,3581.866,-25.241,0,0,0,12.45,20.968
-18.106,3581.882,-25.241,0,0,0,12.45,20.968
-18.091,3581.897,-25.241,0,0,0,12.45,20.968
-18.075,3581.913,-25.241,0,0,0,12.45,20.968
-18.059,3581.929,-25.241,0,0,0,12.45,20.968
-18.043,3581.945,-25.24,0,0,0,12.45,20.968
-18.027,3581.961,-25.24,0,0,0,12.45,20.968
-18.012,3581.976,-25.241,0,0,0,12.45,20.968
-17.996,3581.992,-25.241,0,0,0,12.45,20.968
-17.98,3582.008,-25.241,0,0,0,12.45,20.968
-17.964,3582.024,-25.241,0,0,0,12.45,20.968
-17.948,3582.04,-25.241,0,0,0,12.45,20.968
-17.933,3582.055,-25.241,0,0,0,12.45,20.968
-17.917,3582.071,-25.241,0,0,0,12.45,20.968
-17.901,3582.087,-25.241,0,0,0,12.45,20.968
-17.885,3582.103,-25.241,0,0,0,12.45,20.968
-17.869,3582.119,-25.241,0,0,0,12.45,20.968
-17.854,3582.134,-25.241,0,0,0,12.45,20.968
-17.838,3582.15,-25.241,0,0,0,12.45,20.968
-17.822,3582.166,-25.241,0,0,0,12.45,20.968
-17.806,3582.182,-25.241,0,0,0,12.45,20.968
-17.791,3582.197,-25.241,0,0,0,12.45,20.968
-17.775,3582.213,-25.241,0,0,0,12.45,20.968
-17.759,3582.229,-25.241,0,0,0,12.45,20.968
-17.743,3582.245,-25.241,0,0,0,12.45,20.968
-17.727,3582.261,-25.241,0,0,0,12.45,20.968
-17.712,3582.276,-25.241,0,0,0,12.45,20.968
-17.696,3582.292,-25.241,0,0,0,12.45,20.968
-17.68,3582.308,-25.241,0,0,0,12.45,20.968
-17.664,3582.324,-25.241,0,0,0,12.45,20.968
-17.648,3582.34,-25.241,0,0,0,12.45,20.968
-17.633,3582.355,-25.241,0,0,0,12.45,20.968
-17.617,3582.371,-25.241,0,0,0,12.45,20.968
-17.601,3582.387,-25.241,0,0,0,12.45,20.968
-17.585,3582.403,-25.241,0,0,0,12.45,20.968
-17.57,3582.418,-25.241,0,0,0,12.45,20.968
-17.554,3582.434,-25.241,0,0,0,12.45,20.968
-17.538,3582.45,-25.241,0,0,0,12.45,20.968
-17.522,3582.466,-25.241,0,0,0,12.45,20.968
-17.507,3582.481,-25.241,0,0,0,12.45,20.968
-17.491,3582.497,-25.241,0,0,0,12.45,20.968
-17.475,3582.513,-25.241,0,0,0,12.45,20.968
-17.459,3582.529,-25.241,0,0,0,12.45,20.968
-17.444,3582.544,-25.241,0,0,0,12.45,20.968
-17.428,3582.56,-25.241,0,0,0,12.45,20.968
-17.412,3582.576,-25.241,0,0,0,12.45,20.968
-17.396,3582.592,-25.241,0,0,0,12.45,20.968
-17.38,3582.608,-25.241,0,0,0,12.45,20.968
-17.365,3582.623,-25.241,0,0,0,12.45,20.968
-17.349,3582.639,-25.241,0,0,0,12.45,20.968
-17.333,3582.655,-25.241,0,0,0,12.45,20.968
-17.317,3582.671,-25.24,0,0,0,12.45,20.968
-17.302,3582.686,-25.241,0,0,0,12.45,20.968
-17.286,3582.702,-25.241,0,0,0,12.45,20.968
-17.27,3582.718,-25.241,0,0,0,12.45,20.968
-17.254,3582.734,-25.241,0,0,0,12.45,20.968
-17.238,3582.75,-25.241,0,0,0,12.45,20.968
-17.223,3582.765,-25.241,0,0,0,12.45,20.968
-17.207,3582.781,-25.241,0,0,0,12.45,20.968
-17.191,3582.797,-25.241,0,0,0,12.45,20.968
-17.175,3582.813,-25.241,0,0,0,12.45,20.968
-17.159,3582.829,-25.241,0,0,0,12.45,20.968
-17.144,3582.844,-25.241,0,0,0,12.45,20.968
-17.128,3582.86,-25.241,0,0,0,12.45,20.968
-17.112,3582.876,-25.241,0,0,0,12.45,20.968
-17.096,3582.892,-25.241,0,0,0,12.45,20.968
-17.081,3582.907,-25.241,0,0,0,12.45,20.968
-17.065,3582.923,-25.241,0,0,0,12.45,20.968
-17.049,3582.939,-25.241,0,0,0,12.45,20.968
-17.033,3582.955,-25.241,0,0,0,12.45,20.968
-17.017,3582.971,-25.241,0,0,0,12.45,20.968
-17.002,3582.986,-25.241,0,0,0,12.45,20.968
-16.986,3583.002,-25.241,0,0,0,12.45,20.968
-16.97,3583.018,-25.241,0,0,0,12.45,20.968
-16.954,3583.034,-25.241,0,0,0,12.45,20.968
-16.938,3583.05,-25.241,0,0,0,12.45,20.968
-16.922,3583.066,-25.241,0,0,0,12.45,20.968
-16.907,3583.081,-25.241,0,0,0,12.45,20.968
-16.891,3583.097,-25.241,0,0,0,12.45,20.968
-16.875,3583.113,-25.241,0,0,0,12.45,20.968
-16.859,3583.129,-25.241,0,0,0,12.45,20.968
-16.844,3583.144,-25.241,0,0,0,12.45,20.968
-16.828,3583.16,-25.241,0,0,0,12.45,20.968
-16.812,3583.176,-25.241,0,0,0,12.45,20.968
-16.796,3583.192,-25.241,0,0,0,12.45,20.968
-16.78,3583.208,-25.241,0,0,0,12.45,20.968
-16.765,3583.223,-25.241,0,0,0,12.45,20.968
-16.749,3583.239,-25.241,0,0,0,12.45,20.968
-16.733,3583.255,-25.241,0,0,0,12.45,20.968
-16.717,3583.271,-25.241,0,0,0,12.45,20.968
-16.702,3583.286,-25.241,0,0,0,12.45,20.968
-16.686,3583.302,-25.241,0,0,0,12.45,20.968
-16.67,3583.318,-25.24,0,0,0,12.45,20.968
-16.654,3583.334,-25.241,0,0,0,12.45,20.968
-16.638,3583.35,-25.241,0,0,0,12.45,20.968
-16.623,3583.365,-25.241,0,0,0,12.45,20.968
-16.607,3583.381,-25.241,0,0,0,12.45,20.968
-16.591,3583.397,-25.241,0,0,0,12.45,20.968
-16.575,3583.413,-25.241,0,0,0,12.45,20.968
-16.559,3583.429,-25.241,0,0,0,12.45,20.968
-16.544,3583.444,-25.241,0,0,0,12.45,20.968
-16.528,3583.46,-25.241,0,0,0,12.45,20.968
-16.512,3583.476,-25.241,0,0,0,12.45,20.968
-16.496,3583.492,-25.241,0,0,0,12.45,20.968
-16.48,3583.508,-25.241,0,0,0,12.45,20.968
-16.465,3583.523,-25.241,0,0,0,12.45,20.968
-16.449,3583.539,-25.241,0,0,0,12.45,20.968
-16.433,3583.555,-25.241,0,0,0,12.45,20.968
-16.417,3583.571,-25.241,0,0,0,12.45,20.968
-16.402,3583.586,-25.241,0,0,0,12.45,20.968
-16.386,3583.602,-25.241,0,0,0,12.45,20.968
-16.37,3583.618,-25.241,0,0,0,12.45,20.968
-16.354,3583.634,-25.241,0,0,0,12.45,20.968
-16.338,3583.65,-25.241,0,0,0,12.45,20.968
-16.323,3583.665,-25.241,0,0,0,12.45,20.968
-16.307,3583.681,-25.241,0,0,0,12.45,20.968
-16.291,3583.697,-25.241,0,0,0,12.45,20.968
-16.275,3583.713,-25.241,0,0,0,12.45,20.968
-16.26,3583.728,-25.241,0,0,0,12.45,20.968
-16.244,3583.744,-25.241,0,0,0,12.45,20.968
-16.228,3583.76,-25.241,0,0,0,12.45,20.968
-16.212,3583.776,-25.241,0,0,0,12.45,20.968
-16.196,3583.792,-25.241,0,0,0,12.45,20.968
-16.181,3583.807,-25.241,0,0,0,12.45,20.968
-16.165,3583.823,-25.241,0,0,0,12.45,20.968
-16.149,3583.839,-25.24,0,0,0,12.45,20.968
-16.133,3583.855,-25.241,0,0,0,12.45,20.968
-16.117,3583.871,-25.241,0,0,0,12.45,20.968
-16.102,3583.886,-25.241,0,0,0,12.45,20.968
-16.086,3583.902,-25.241,0,0,0,12.45,20.968
-16.07,3583.918,-25.241,0,0,0,12.45,20.968
-16.054,3583.934,-25.241,0,0,0,12.45,20.968
-16.039,3583.949,-25.241,0,0,0,12.45,20.968
-16.023,3583.965,-25.241,0,0,0,12.45,20.968
-16.007,3583.981,-25.241,0,0,0,12.45,20.968
-15.991,3583.997,-25.241,0,0,0,12.45,20.968
-15.976,3584.012,-25.241,0,0,0,12.45,20.968
-15.96,3584.028,-25.241,0,0,0,12.45,20.968
-15.944,3584.044,-25.241,0,0,0,12.45,20.968
-15.928,3584.06,-25.241,0,0,0,12.45,20.968
-15.912,3584.076,-25.241,0,0,0,12.45,20.968
-15.897,3584.091,-25.241,0,0,0,12.45,20.968
-15.881,3584.107,-25.241,0,0,0,12.45,20.968
-15.865,3584.123,-25.241,0,0,0,12.45,20.968
-15.849,3584.139,-25.241,0,0,0,12.45,20.968
-15.834,3584.154,-25.241,0,0,0,12.45,20.968
-15.818,3584.17,-25.241,0,0,0,12.45,20.968
-15.802,3584.186,-25.241,0,0,0,12.45,20.968
-15.786,3584.202,-25.241,0,0,0,12.45,20.968
-15.771,3584.217,-25.241,0,0,0,12.45,20.968
-15.755,3584.233,-25.241,0,0,0,12.45,20.968
-15.739,3584.249,-25.241,0,0,0,12.45,20.968
-15.723,3584.265,-25.241,0,0,0,12.45,20.968
-15.707,3584.281,-25.241,0,0,0,12.45,20.968
-15.692,3584.296,-25.241,0,0,0,12.45,20.968
-15.676,3584.312,-25.241,0,0,0,12.45,20.968
-15.66,3584.328,-25.241,0,0,0,12.45,20.968
-15.644,3584.344,-25.241,0,0,0,12.45,20.968
-15.628,3584.36,-25.241,0,0,0,12.45,20.968
-15.613,3584.375,-25.241,0,0,0,12.45,20.968
-15.597,3584.391,-25.241,0,0,0,12.45,20.968
-15.581,3584.407,-25.241,0,0,0,12.45,20.968
-15.565,3584.423,-25.241,0,0,0,12.45,20.968
-15.55,3584.438,-25.241,0,0,0,12.45,20.968
-15.534,3584.454,-25.241,0,0,0,12.45,20.968
-15.518,3584.47,-25.241,0,0,0,12.45,20.968
-15.502,3584.486,-25.241,0,0,0,12.45,20.968
-15.486,3584.502,-25.241,0,0,0,12.45,20.968
-15.471,3584.517,-25.241,0,0,0,12.45,20.968
-15.455,3584.533,-25.241,0,0,0,12.45,20.968
-15.439,3584.549,-25.241,0,0,0,12.45,20.968
-15.423,3584.565,-25.241,0,0,0,12.45,20.968
-15.408,3584.58,-25.241,0,0,0,12.45,20.968
-15.392,3584.596,-25.241,0,0,0,12.45,20.968
-15.376,3584.612,-25.241,0,0,0,12.45,20.968
-15.36,3584.628,-25.241,0,0,0,12.45,20.968
-15.344,3584.644,-25.241,0,0,0,12.45,20.968
-15.329,3584.659,-25.241,0,0,0,12.45,20.968
-15.313,3584.675,-25.241,0,0,0,12.45,20.968
-15.297,3584.691,-25.241,0,0,0,12.45,20.968
-15.281,3584.707,-25.241,0,0,0,12.45,20.968
-15.266,3584.722,-25.241,0,0,0,12.45,20.968
-15.25,3584.738,-25.241,0,0,0,12.45,20.968
-15.234,3584.754,-25.241,0,0,0,12.45,20.968
-15.218,3584.77,-25.241,0,0,0,12.45,20.968
-15.202,3584.786,-25.241,0,0,0,12.45,20.968
-15.187,3584.801,-25.241,0,0,0,12.45,20.968
-15.171,3584.817,-25.241,0,0,0,12.45,20.968
-15.155,3584.833,-25.241,0,0,0,12.45,20.968
-15.139,3584.849,-25.241,0,0,0,12.45,20.968
-15.124,3584.864,-25.241,0,0,0,12.45,20.968
-15.108,3584.88,-25.241,0,0,0,12.45,20.968
-15.092,3584.896,-25.241,0,0,0,12.45,20.968
-15.076,3584.912,-25.241,0,0,0,12.45,20.968
-15.06,3584.928,-25.241,0,0,0,12.45,20.968
-15.044,3584.944,-25.241,0,0,0,12.45,20.968
-15.028,3584.96,-25.241,0,0,0,12.45,20.968
-15.013,3584.975,-25.241,0,0,0,12.45,20.968
-14.997,3584.991,-25.241,0,0,0,12.45,20.968
-14.981,3585.007,-25.241,0,0,0,12.45,20.968
-14.965,3585.023,-25.241,0,0,0,12.45,20.968
-14.949,3585.039,-25.24,0,0,0,12.45,20.968
-14.934,3585.054,-25.241,0,0,0,12.45,20.968
-14.918,3585.07,-25.241,0,0,0,12.45,20.968
-14.902,3585.086,-25.241,0,0,0,12.45,20.968
-14.886,3585.102,-25.241,0,0,0,12.45,20.968
-14.871,3585.117,-25.241,0,0,0,12.45,20.968
-14.855,3585.133,-25.241,0,0,0,12.45,20.968
-14.839,3585.149,-25.241,0,0,0,12.45,20.968
-14.823,3585.165,-25.241,0,0,0,12.45,20.968
-14.807,3585.181,-25.241,0,0,0,12.45,20.968
-14.792,3585.196,-25.241,0,0,0,12.45,20.968
-14.776,3585.212,-25.241,0,0,0,12.45,20.968
-14.76,3585.228,-25.241,0,0,0,12.45,20.968
-14.744,3585.244,-25.241,0,0,0,12.45,20.968
-14.729,3585.259,-25.241,0,0,0,12.45,20.968
-14.713,3585.275,-25.241,0,0,0,12.45,20.968
-14.697,3585.291,-25.241,0,0,0,12.45,20.968
-14.681,3585.307,-25.241,0,0,0,12.45,20.968
-14.665,3585.323,-25.241,0,0,0,12.45,20.968
-14.65,3585.338,-25.241,0,0,0,12.45,20.968
-14.634,3585.354,-25.241,0,0,0,12.45,20.968
-14.618,3585.37,-25.241,0,0,0,12.45,20.968
-14.602,3585.386,-25.241,0,0,0,12.45,20.968
-14.587,3585.401,-25.241,0,0,0,12.45,20.968
-14.571,3585.417,-25.241,0,0,0,12.45,20.968
-14.555,3585.433,-25.241,0,0,0,12.45,20.968
-14.539,3585.449,-25.241,0,0,0,12.45,20.968
-14.523,3585.465,-25.241,0,0,0,12.45,20.968
-14.508,3585.48,-25.241,0,0,0,12.45,20.968
-14.492,3585.496,-25.241,0,0,0,12.45,20.968
-14.476,3585.512,-25.241,0,0,0,12.45,20.968
-14.46,3585.528,-25.241,0,0,0,12.45,20.968
-14.444,3585.544,-25.241,0,0,0,12.45,20.968
-14.429,3585.559,-25.241,0,0,0,12.45,20.968
-14.413,3585.575,-25.241,0,0,0,12.45,20.968
-14.397,3585.591,-25.241,0,0,0,12.45,20.968
-14.381,3585.607,-25.241,0,0,0,12.45,20.968
-14.366,3585.622,-25.241,0,0,0,12.45,20.968
-14.35,3585.638,-25.241,0,0,0,12.45,20.968
-14.334,3585.654,-25.241,0,0,0,12.45,20.968
-14.318,3585.67,-25.241,0,0,0,12.45,20.968
-14.302,3585.686,-25.241,0,0,0,12.45,20.968
-14.287,3585.701,-25.241,0,0,0,12.45,20.968
-14.271,3585.717,-25.241,0,0,0,12.45,20.968
-14.255,3585.733,-25.241,0,0,0,12.45,20.968
-14.239,3585.749,-25.241,0,0,0,12.45,20.968
-14.223,3585.765,-25.241,0,0,0,12.45,20.968
-14.208,3585.78,-25.241,0,0,0,12.45,20.968
-14.192,3585.796,-25.241,0,0,0,12.45,20.968
-14.176,3585.812,-25.241,0,0,0,12.45,20.968
-14.16,3585.828,-25.241,0,0,0,12.45,20.968
-14.144,3585.844,-25.241,0,0,0,12.45,20.968
-14.129,3585.859,-25.241,0,0,0,12.45,20.968
-14.113,3585.875,-25.241,0,0,0,12.45,20.968
-14.097,3585.891,-25.241,0,0,0,12.45,20.968
-14.081,3585.907,-25.241,0,0,0,12.45,20.968
-14.065,3585.923,-25.241,0,0,0,12.45,20.968
-14.05,3585.938,-25.241,0,0,0,12.45,20.968
-14.034,3585.954,-25.241,0,0,0,12.45,20.968
-14.018,3585.97,-25.241,0,0,0,12.45,20.968
-14.002,3585.986,-25.241,0,0,0,12.45,20.968
-13.986,3586.002,-25.241,0,0,0,12.45,20.968
-13.971,3586.017,-25.241,0,0,0,12.45,20.968
-13.955,3586.033,-25.241,0,0,0,12.45,20.968
-13.939,3586.049,-25.241,0,0,0,12.45,20.968
-13.923,3586.065,-25.241,0,0,0,12.45,20.968
-13.908,3586.08,-25.241,0,0,0,12.45,20.968
-13.892,3586.096,-25.241,0,0,0,12.45,20.968
-13.876,3586.112,-25.241,0,0,0,12.45,20.968
-13.86,3586.128,-25.241,0,0,0,12.45,20.968
-13.844,3586.144,-25.241,0,0,0,12.45,20.968
-13.829,3586.159,-25.241,0,0,0,12.45,20.968
-13.813,3586.175,-25.24,0,0,0,12.45,20.968
-13.797,3586.191,-25.241,0,0,0,12.45,20.968
-13.781,3586.207,-25.241,0,0,0,12.45,20.968
-13.766,3586.222,-25.241,0,0,0,12.45,20.968
-13.75,3586.238,-25.241,0,0,0,12.45,20.968
-13.734,3586.254,-25.241,0,0,0,12.45,20.968
-13.718,3586.27,-25.241,0,0,0,12.45,20.968
-13.703,3586.285,-25.241,0,0,0,12.45,20.968
-13.687,3586.301,-25.241,0,0,0,12.45,20.968
-13.671,3586.317,-25.241,0,0,0,12.45,20.968
-13.655,3586.333,-25.241,0,0,0,12.45,20.968
-13.639,3586.349,-25.241,0,0,0,12.45,20.968
-13.624,3586.364,-25.241,0,0,0,12.45,21.613
-13.608,3586.38,-25.241,0,0,0,12.45,21.613
-13.592,3586.396,-25.241,0,0,0,12.45,21.613
-13.576,3586.412,-25.241,0,0,0,12.45,21.613
-13.56,3586.428,-25.24,0,0,0,12.45,21.613
-13.545,3586.443,-25.241,0,0,0,12.45,21.613
-13.529,3586.459,-25.241,0,0,0,12.45,21.613
-13.513,3586.475,-25.241,0,0,0,12.45,20.968
-13.497,3586.491,-25.241,0,0,0,12.45,20.968
-13.482,3586.506,-25.241,0,0,0,12.45,20.968
-13.466,3586.522,-25.241,0,0,0,12.45,20.968
-13.45,3586.538,-25.241,0,0,0,12.45,20.968
-13.434,3586.554,-25.241,0,0,0,12.45,20.968
-13.419,3586.569,-25.241,0,0,0,12.45,20.968
-13.403,3586.585,-25.241,0,0,0,12.45,20.968
-13.387,3586.601,-25.241,0,0,0,12.45,21.613
-13.371,3586.617,-25.241,0,0,0,12.45,21.613
-13.355,3586.633,-25.241,0,0,0,12.45,21.613
-13.34,3586.648,-25.241,0,0,0,12.45,21.613
-13.324,3586.664,-25.241,0,0,0,12.45,21.613
-13.308,3586.68,-25.241,0,0,0,12.45,21.613
-13.292,3586.696,-25.241,0,0,0,12.45,21.613
-13.277,3586.711,-25.241,0,0,0,12.45,20.968
-13.261,3586.727,-25.241,0,0,0,12.45,20.968
-13.245,3586.743,-25.241,0,0,0,12.45,20.968
-13.229,3586.759,-25.241,0,0,0,12.45,20.968
-13.213,3586.775,-25.241,0,0,0,12.45,20.968
-13.198,3586.79,-25.241,0,0,0,12.45,20.968
-13.182,3586.806,-25.241,0,0,0,12.45,20.968
-13.166,3586.822,-25.241,0,0,0,12.45,20.968
-13.15,3586.838,-25.241,0,0,0,12.45,21.613
-13.134,3586.854,-25.241,0,0,0,12.45,21.613
-13.119,3586.869,-25.241,0,0,0,12.45,21.613
-13.103,3586.885,-25.241,0,0,0,12.45,21.613
-13.087,3586.901,-25.244,0,1.996,0.375,12.45,21.613
-13.071,3586.917,-25.244,0,2.019,0.375,12.45,21.613
-13.056,3586.932,-25.313,-0.146,2.045,1.75,12.45,21.613
-13.04,3586.948,-25.472,-8.936,2.045,2.875,12.45,21.613
-13.024,3586.964,-25.698,-44.385,2.004,3.375,12.2,20.323
-13.008,3586.98,-25.698,-44.385,1.992,3.375,12.2,20.323
-12.992,3586.996,-25.965,-119.971,1.98,3,12.2,20.323
-12.977,3587.011,-26.259,-237.451,1.98,2.875,12.2,20.323
-12.961,3587.027,-26.571,-384.814,1.98,2.75,12.2,20.323
-12.945,3587.043,-26.571,-384.814,1.992,2.75,12.2,20.323
-12.929,3587.059,-26.896,-539.356,1.992,2.625,12.2,20.323
-12.913,3587.075,-27.231,-677.344,2,2.625,12.25,20.968
-12.898,3587.09,-27.573,-782.227,1.988,2.5,12.25,20.968
-12.882,3587.106,-27.573,-782.227,2,2.5,12.25,20.968
-12.866,3587.122,-27.917,-853.418,2,2.625,12.25,20.968
-12.85,3587.138,-28.267,-902.93,2,2.625,12.25,20.968
-12.834,3587.154,-28.546,-938.232,2,2.625,12.25,20.968
-12.819,3587.169,-28.546,-938.232,2,2.625,12.25,20.968
-12.803,3587.185,-28.9,-963.867,2,2.625,12.25,20.968
-12.787,3587.201,-29.256,-982.617,2,2.625,12.25,20.968
-12.771,3587.217,-29.613,-995.801,2,2.625,12.25,20.968
-12.755,3587.233,-29.613,-995.801,2,2.625,12.25,20.968
-12.74,3587.248,-29.972,-1005.762,1.988,2.5,12.25,20.968
-12.724,3587.264,-30.331,-1013.672,2,2.5,12.25,20.968
-12.708,3587.28,-30.691,-1019.824,2.012,2.625,12.25,20.968
-12.692,3587.296,-30.691,-1019.824,2,2.625,12.25,20.968
-12.677,3587.311,-30.363,-1022.754,2,2.625,12.25,20.968
-12.661,3587.327,-29.364,-939.404,1.992,2.625,12.2,20.968
-12.645,3587.343,-29.621,-577.295,1.992,2.625,12.2,20.968
-12.629,3587.359,-29.621,-577.295,1.992,2.625,12.2,20.968
-12.613,3587.375,-30.143,-173.438,1.992,2.5,12.2,20.968
-12.598,3587.39,-30.505,152.051,1.992,2.625,12.2,20.968
-12.582,3587.406,-30.504,200.977,1.98,2.5,12.2,20.968
-12.566,3587.422,-30.504,200.977,1.992,2.5,12.2,20.968
-12.55,3587.438,-30.373,107.08,2,2.625,12.25,20.968
-12.534,3587.454,-30.363,-124.951,2,2.625,12.25,20.968
-12.519,3587.469,-30.505,-327.539,2,2.625,12.25,20.968
-12.503,3587.485,-30.505,-327.539,2,2.625,12.25,20.968
-12.487,3587.501,-30.637,-389.648,2,2.625,12.25,20.968
-12.471,3587.517,-30.153,-249.023,2,2.625,12.25,20.968
-12.455,3587.533,-30.505,-127.295,1.988,2.5,12.25,20.968
-12.44,3587.548,-30.505,-127.295,1.988,2.5,12.25,20.968
-12.424,3587.564,-30.637,-73.388,1.996,2.5,12.3,20.968
-12.408,3587.58,-30.504,-61.963,1.996,2.5,12.3,20.968
-12.392,3587.596,-30.153,-54.492,2.008,2.5,12.3,20.968
-12.376,3587.612,-30.153,-54.492,2.008,2.5,12.3,20.968
-12.361,3587.627,-30.505,-23.438,2.008,2.5,12.3,20.968
-12.345,3587.643,-30.505,-22.266,2.008,2.625,12.3,20.968
-12.329,3587.659,-30.505,-9.814,2.019,2.625,12.3,20.968
-12.313,3587.675,-30.505,-9.814,2,2.625,12.25,20.968
-12.298,3587.69,-30.363,-11.133,1.988,2.625,12.25,20.968
-12.282,3587.706,-30.505,30.615,1.988,2.5,12.25,20.968
-12.266,3587.722,-30.363,33.252,1.988,2.5,12.25,20.968
-12.25,3587.738,-30.363,33.252,1.988,2.5,12.25,20.968
-12.234,3587.754,-30.505,48.193,1.988,2.5,12.25,20.968
-12.219,3587.769,-30.363,21.387,2,2.5,12.25,20.968
-12.203,3587.785,-30.555,17.432,2,2.625,12.25,20.968
-12.187,3587.801,-30.555,17.432,1.992,2.625,12.2,20.968
-12.171,3587.817,-30.555,-13.184,2.004,2.625,12.2,20.968
-12.156,3587.832,-30.363,-18.75,1.992,2.625,12.2,20.968
-12.14,3587.848,-30.637,-18.75,1.992,2.625,12.2,20.968
-12.124,3587.864,-30.637,-18.75,1.992,2.625,12.2,20.968
-12.108,3587.88,-30.637,-6.006,1.992,2.625,12.2,20.968
-12.092,3587.896,-30.363,0,1.992,2.625,12.2,20.968
-12.077,3587.911,-30.363,6.299,1.992,2.625,12.2,20.968
-12.061,3587.927,-30.363,6.299,2,2.625,12.25,20.323
-12.045,3587.943,-30.505,13.623,2.012,2.625,12.25,20.323
-12.029,3587.959,-30.637,13.623,2.012,2.625,12.25,20.323
-12.013,3587.975,-30.363,7.764,2.024,2.625,12.25,20.323
-11.998,3587.99,-30.363,7.764,2.024,2.625,12.25,20.323
-11.982,3588.006,-30.363,6.152,2.024,2.625,12.25,20.323
-11.966,3588.022,-30.637,26.514,2.012,2.625,12.25,20.323
-11.95,3588.038,-30.505,26.514,1.995,2.625,12.15,20.968
-11.934,3588.054,-30.505,26.514,1.982,2.625,12.15,20.968
-11.919,3588.069,-30.505,20.361,1.982,2.625,12.15,20.968
-11.903,3588.085,-30.637,0,1.995,2.625,12.15,20.968
-11.887,3588.101,-30.505,-2.637,1.995,2.625,12.15,20.968
-11.871,3588.117,-30.505,-2.637,1.995,2.625,12.15,20.968
-11.856,3588.132,-30.505,-30.469,1.982,2.625,12.15,20.968
-11.84,3588.148,-30.505,-35.888,1.995,2.625,12.15,20.968
-11.824,3588.164,-30.153,-34.57,2.004,2.625,12.2,20.968
-11.808,3588.18,-30.153,-34.57,1.992,2.625,12.2,20.968
-11.792,3588.196,-30.637,0.293,1.992,2.625,12.2,20.968
-11.777,3588.211,-30.153,6.885,1.992,2.625,12.2,20.968
-11.761,3588.227,-30.505,38.672,1.992,2.625,12.2,20.968
-11.745,3588.243,-30.505,38.672,2.004,2.625,12.2,20.968
-11.729,3588.259,-30.153,35.596,1.992,2.625,12.2,20.968
-11.713,3588.275,-30.363,35.596,2.004,2.625,12.2,20.968
-11.698,3588.29,-30.637,-1.465,2.004,2.625,12.2,20.968
-11.682,3588.306,-30.505,-6.006,1.992,2.625,12.2,20.968
-11.666,3588.322,-30.505,-6.006,1.992,2.625,12.2,20.968
-11.65,3588.338,-30.153,-50.391,1.992,2.625,12.2,20.968
-11.634,3588.354,-30.363,-40.723,1.992,2.625,12.2,20.968
-11.619,3588.369,-30.363,-34.131,2.004,2.625,12.2,20.968
-11.603,3588.385,-30.363,-34.131,2.004,2.625,12.2,20.968
-11.587,3588.401,-30.505,0,1.995,2.625,12.15,20.968
-11.571,3588.417,-30.505,-1.465,2.007,2.625,12.15,20.968
-11.556,3588.432,-30.363,-12.012,1.995,2.625,12.15,20.968
-11.54,3588.448,-30.363,-12.012,1.982,2.625,12.15,20.968
-11.524,3588.464,-30.153,-1.611,1.982,2.625,12.15,20.968
-11.508,3588.48,-30.505,0,1.982,2.625,12.15,20.968
-11.492,3588.496,-30.363,6.885,1.982,2.625,12.15,20.968
-11.477,3588.511,-30.363,6.885,1.982,2.625,12.15,20.968
-11.461,3588.527,-30.363,21.24,2.004,2.625,12.2,20.968
-11.445,3588.543,-30.505,26.514,2.004,2.625,12.2,20.968
-11.429,3588.559,-30.363,20.801,2.004,2.625,12.2,20.968
-11.414,3588.574,-30.363,20.801,1.992,2.625,12.2,20.968
-11.398,3588.59,-30.505,5.273,1.992,2.625,12.2,20.968
-11.382,3588.606,-30.505,0,1.992,2.625,12.2,20.968
-11.366,3588.622,-30.637,3.516,1.992,2.625,12.2,20.968
-11.35,3588.638,-30.637,3.516,1.992,2.625,12.2,20.968
-11.335,3588.653,-30.696,-2.783,1.992,2.625,12.2,20.968
-11.319,3588.669,-30.505,-19.189,2.004,2.625,12.2,20.968
-11.303,3588.685,-30.505,-24.17,2.004,2.625,12.2,20.968
-11.287,3588.701,-30.505,-24.17,1.992,2.625,12.2,20.968
-11.271,3588.717,-30.505,-17.725,2.004,2.625,12.2,20.968
-11.256,3588.732,-30.363,-9.082,2.004,2.625,12.2,20.968
-11.24,3588.748,-30.505,-21.826,2.015,2.625,12.2,20.968
-11.224,3588.764,-30.505,-21.826,1.995,2.625,12.15,19.677
-11.208,3588.78,-30.637,-14.355,2.007,2.625,12.15,19.677
-11.193,3588.795,-30.363,-6.299,2.007,2.625,12.15,19.677
-11.177,3588.811,-30.503,7.324,1.982,2.625,12.15,19.677
-11.161,3588.827,-30.503,7.324,1.995,2.625,12.15,19.677
-11.145,3588.843,-31.127,-19.775,1.995,2.625,12.15,19.677
-11.129,3588.859,-31.481,-91.113,1.995,2.625,12.15,19.677
-11.114,3588.874,-31.844,-269.238,1.995,2.625,12.15,20.968
-11.098,3588.89,-31.844,-269.238,1.982,2.625,12.15,20.968
-11.082,3588.906,-31.505,-472.266,1.995,2.625,12.15,20.968
-11.066,3588.922,-31.505,-617.139,1.995,2.625,12.15,20.968
-11.05,3588.938,-31.879,-612.744,1.995,2.625,12.15,20.968
-11.035,3588.953,-31.879,-612.744,1.995,2.625,12.15,20.968
-11.019,3588.969,-32.363,-563.379,1.995,2.625,12.15,20.968
-11.003,3588.985,-32.481,-531.592,1.995,2.625,12.15,20.968
-10.987,3589.001,-32.505,-500.098,1.992,2.625,12.2,20.968
-10.972,3589.016,-32.505,-500.098,1.992,2.625,12.2,20.968
-10.956,3589.032,-32.505,-524.854,1.992,2.625,12.2,20.968
-10.94,3589.048,-32.524,-511.23,1.992,2.625,12.2,20.968
-10.924,3589.064,-32.363,-441.65,1.992,2.625,12.2,20.968
-10.908,3589.08,-32.363,-441.65,1.992,2.625,12.2,20.968
-10.893,3589.095,-32.435,-259.863,1.992,2.625,12.2,20.968
-10.877,3589.111,-32.436,-77.344,2.004,2.625,12.2,20.968
-10.861,3589.127,-32.637,4.394,1.992,2.625,12.2,20.968
-10.845,3589.143,-32.637,4.394,2.004,2.625,12.2,20.968
-10.829,3589.159,-32.47,-2.051,2.004,2.625,12.2,20.968
-10.814,3589.174,-32.831,-14.648,1.992,2.625,12.2,20.968
-10.798,3589.19,-33.505,-92.285,1.992,2.625,12.2,20.968
-10.782,3589.206,-33.505,-92.285,1.992,2.625,12.2,20.968
-10.766,3589.222,-33.363,-246.094,1.992,2.625,12.2,20.968
-10.75,3589.238,-33.363,-431.689,1.992,2.625,12.2,20.968
-10.735,3589.253,-33.152,-579.785,1.992,2.625,12.2,20.968
-10.719,3589.269,-33.152,-579.785,1.992,2.625,12.2,20.968
-10.703,3589.285,-33.505,-604.102,2.004,2.625,12.2,20.968
-10.687,3589.301,-33.363,-532.178,2.004,2.625,12.2,20.968
-10.671,3589.317,-33.637,-342.334,1.992,2.625,12.2,20.968
-10.656,3589.332,-33.637,-342.334,2.004,2.625,12.2,20.968
-10.64,3589.348,-33.627,-147.656,2.004,2.625,12.2,20.968
-10.624,3589.364,-33.505,-27.393,1.995,2.625,12.15,20.968
-10.608,3589.38,-33.152,-6.738,1.995,2.625,12.15,20.968
-10.593,3589.395,-33.152,-6.738,1.995,2.625,12.15,20.968
-10.577,3589.411,-33.505,22.119,1.995,2.625,12.15,20.968
-10.561,3589.427,-33.637,26.66,1.982,2.625,12.15,20.968
-10.545,3589.443,-33.505,22.119,1.995,2.625,12.15,20.968
-10.529,3589.459,-33.505,22.119,1.995,2.625,12.15,20.968
-10.514,3589.474,-33.505,-22.266,1.995,2.625,12.15,20.323
-10.498,3589.49,-33.505,-21.973,1.995,2.625,12.15,20.323
-10.482,3589.506,-33.637,-21.973,1.982,2.625,12.15,20.323
-10.466,3589.522,-33.637,-21.973,1.982,2.625,12.15,20.323
-10.45,3589.538,-33.637,-5.859,1.982,2.625,12.15,20.323
-10.435,3589.553,-33.505,-16.113,1.995,2.625,12.15,20.323
-10.419,3589.569,-33.363,-16.113,1.995,2.625,12.15,20.323
-10.403,3589.585,-33.363,-16.113,1.995,2.625,12.15,20.323
-10.387,3589.601,-33.363,-19.775,2.004,2.625,12.2,20.968
-10.371,3589.617,-33.363,-37.645,2.004,2.625,12.2,20.968
-10.356,3589.632,-33.719,-41.895,2.004,2.625,12.2,20.968
-10.34,3589.648,-33.719,-41.895,2.004,2.625,12.2,20.968
-10.324,3589.664,-33.363,-59.033,2.004,2.625,12.2,20.968
-10.308,3589.68,-33.637,-64.746,2.004,2.625,12.2,20.968
-10.293,3589.695,-33.505,-58.887,2.004,2.625,12.2,20.968
-10.277,3589.711,-33.505,-58.887,2.004,2.625,12.2,20.968
-10.261,3589.727,-33.505,-34.277,1.992,2.625,12.2,20.968
-10.245,3589.743,-33.505,0,1.992,2.625,12.2,20.968
-10.229,3589.759,-33.363,36.768,2.004,2.625,12.2,20.968
-10.214,3589.774,-33.363,36.768,2.004,2.625,12.2,20.968
-10.198,3589.79,-33.505,75.732,2.004,2.625,12.2,20.968
-10.182,3589.806,-33.537,82.764,2.015,2.625,12.2,20.968
-10.166,3589.822,-33.976,45.557,2.004,2.625,12.2,20.968
-10.15,3589.838,-33.976,45.557,1.995,2.625,12.15,20.323
-10.135,3589.853,-34.505,-36.182,1.995,2.625,12.15,20.323
-10.119,3589.869,-34.651,-218.115,1.995,2.625,12.15,20.323
-10.103,3589.885,-34.993,-453.662,1.995,2.625,12.15,20.323
-10.087,3589.901,-34.993,-453.662,1.995,2.625,12.15,20.323
-10.071,3589.917,-35.345,-695.947,1.982,2.625,12.15,20.323
-10.056,3589.932,-35.713,-868.066,1.995,2.625,12.15,20.323
-10.04,3589.948,-36.073,-973.242,1.995,2.625,12.15,20.323
-10.024,3589.964,-36.073,-973.242,2.004,2.625,12.2,20.968
-10.008,3589.98,-36.435,-1023.633,1.992,2.625,12.2,20.968
-9.992,3589.996,-36.799,-1029.199,2.004,2.625,12.2,20.968
-9.977,3590.011,-37.16,-1029.639,1.992,2.625,12.2,20.968
-9.961,3590.027,-37.16,-1029.639,1.992,2.625,12.2,20.968
-9.945,3590.043,-37.52,-1045.313,2.004,2.625,12.2,20.968
-9.929,3590.059,-37.883,-1042.968,2.004,2.625,12.2,20.968
-9.914,3590.074,-38.247,-1042.236,1.995,2.625,12.15,20.323
-9.898,3590.09,-38.247,-1042.236,1.995,2.625,12.15,20.323
-9.882,3590.106,-38.606,-1041.65,1.982,2.625,12.15,20.323
-9.866,3590.122,-38.965,-1041.211,1.995,2.625,12.15,20.323
-9.85,3590.138,-39.322,-1040.332,1.995,2.625,12.15,20.323
-9.835,3590.153,-39.322,-1040.332,1.982,2.625,12.15,20.323
-9.819,3590.169,-39.684,-1038.721,1.995,2.625,12.15,20.323
-9.803,3590.185,-40.042,-1036.963,1.995,2.625,12.15,20.323
-9.787,3590.201,-40.399,-1035.352,1.999,2.625,12.1,20.323
-9.771,3590.217,-40.399,-1035.352,1.975,2.625,12.1,20.323
-9.756,3590.232,-40.76,-1034.326,1.975,2.625,12.1,20.323
-9.74,3590.248,-41.119,-1033.739,1.975,2.625,12.1,20.323
-9.724,3590.264,-41.479,-1033.593,1.987,2.625,12.1,20.323
-9.708,3590.28,-41.479,-1033.593,1.987,2.625,12.1,20.323
-9.692,3590.296,-41.84,-1033.887,1.987,2.625,12.1,20.323
-9.677,3590.311,-42.203,-1034.473,1.987,2.625,12.1,20.323
-9.661,3590.327,-42.562,-1035.352,1.995,2.625,12.15,20.968
-9.645,3590.343,-42.562,-1035.352,1.995,2.625,12.15,20.968
-9.629,3590.359,-42.923,-1036.377,2.007,2.625,12.15,20.968
-9.613,3590.375,-43.287,-1037.549,2.007,2.625,12.15,20.968
-9.598,3590.39,-43.652,-1038.721,1.995,2.625,12.15,20.968
-9.582,3590.406,-43.652,-1038.721,1.995,2.625,12.15,20.968
-9.566,3590.422,-44.016,-1040.186,1.995,2.625,12.15,20.968
-9.55,3590.438,-44.381,-1041.942,1.995,2.625,12.15,20.968
-9.535,3590.453,-44.748,-1044.14,1.995,2.625,12.15,20.968
-9.519,3590.469,-44.748,-1044.14,1.995,2.625,12.15,20.968
-9.503,3590.485,-45.112,-1046.338,2.007,2.625,12.15,20.968
-9.487,3590.501,-45.478,-1048.242,2.007,2.625,12.15,20.968
-9.471,3590.517,-45.771,-1040.039,1.995,2.625,12.15,20.968
-9.456,3590.532,-45.771,-1040.039,1.995,2.625,12.15,20.968
-9.44,3590.548,-46.139,-1027.441,1.995,2.625,12.15,20.968
-9.424,3590.564,-46.505,-1014.551,1.999,2.625,12.1,20.323
-9.408,3590.58,-46.869,-1010.742,1.987,2.625,12.1,20.323
-9.392,3590.596,-47.364,-1014.111,1.999,2.625,12.1,20.323
-9.377,3590.611,-47.364,-1014.111,1.999,2.625,12.1,20.323
-9.361,3590.627,-47.511,-1025.244,1.987,2.625,12.1,20.323
-9.345,3590.643,-47.363,-1027.734,1.987,2.625,12.1,20.323
-9.329,3590.659,-47.627,-943.799,1.987,2.625,12.1,20.323
-9.314,3590.674,-47.627,-943.799,1.995,2.625,12.15,20.323
-9.298,3590.69,-47.637,-782.959,1.995,2.625,12.15,20.323
-9.282,3590.706,-47.505,-564.99,1.995,2.625,12.15,20.323
-9.266,3590.722,-47.505,-340.137,1.995,2.625,12.15,20.323
-9.251,3590.737,-47.505,-340.137,1.995,2.625,12.15,20.323
-9.235,3590.753,-47.505,-130.518,2.007,2.625,12.15,20.323
-9.219,3590.769,-47.505,-31.787,1.995,2.625,12.15,20.323
-9.203,3590.785,-47.505,-12.305,1.995,2.625,12.15,20.323
-9.187,3590.801,-47.505,-12.305,1.987,2.625,12.1,19.677
-9.172,3590.816,-47.363,-37.207,1.987,2.625,12.1,19.677
-9.156,3590.832,-47.363,-13.916,1.987,2.625,12.1,19.677
-9.14,3590.848,-47.363,-13.916,1.987,2.625,12.1,19.677
-9.124,3590.864,-47.555,-10.986,1.987,2.625,12.1,19.677
-9.108,3590.88,-47.505,-19.775,1.999,2.625,12.1,19.677
-9.093,3590.895,-47.271,-12.891,1.999,2.625,12.1,19.677
-9.077,3590.911,-47.505,6.592,1.999,2.625,12.1,19.677
-9.061,3590.927,-47.505,6.592,1.995,2.625,12.15,20.323
-9.045,3590.943,-47.793,32.812,1.995,2.625,12.15,20.323
-9.03,3590.958,-47.793,-5.273,1.995,2.625,12.15,20.323
-9.014,3590.974,-47.36,-60.205,1.995,2.625,12.15,20.323
-8.998,3590.99,-47.36,-60.205,1.995,2.625,12.15,20.323
-8.982,3591.006,-47.818,-131.982,2.007,2.625,12.15,20.323
-8.966,3591.022,-47.82,-201.563,2.007,2.625,12.15,20.323
-8.951,3591.037,-47.839,-231.885,1.995,2.625,12.15,20.323
-8.935,3591.053,-47.839,-231.885,1.995,2.625,12.15,20.323
-8.919,3591.069,-48.215,-160.84,1.995,2.625,12.15,20.323
-8.903,3591.085,-48.506,-122.021,2.007,2.625,12.15,20.323
-8.887,3591.101,-48.638,-195.557,1.995,2.625,12.15,20.323
-8.872,3591.116,-48.638,-195.557,1.995,2.625,12.15,20.323
-8.856,3591.132,-48.363,-369.58,1.995,2.625,12.15,20.323
-8.84,3591.148,-48.505,-453.516,2.007,2.625,12.15,20.323
-8.824,3591.164,-48.505,-421.436,1.999,2.625,12.1,20.323
-8.808,3591.18,-48.505,-421.436,1.987,2.625,12.1,20.323
-8.792,3591.196,-48.363,-316.26,1.975,2.625,12.1,20.323
-8.777,3591.211,-48.637,-152.051,1.987,2.625,12.1,20.323
-8.761,3591.227,-48.505,-18.311,1.987,2.625,12.1,20.323
-8.745,3591.243,-48.505,-18.311,1.987,2.625,12.1,20.323
-8.729,3591.259,-48.153,37.207,1.987,2.625,12.1,20.323
-8.714,3591.274,-48.505,9.521,1.987,2.625,12.1,19.677
-8.698,3591.29,-48.505,-8.936,1.987,2.625,12.1,19.677
-8.682,3591.306,-48.505,-8.936,1.987,2.625,12.1,19.677
-8.666,3591.322,-48.363,-20.801,1.987,2.625,12.1,19.677
-8.651,3591.337,-48.505,-0.439,1.987,2.625,12.1,19.677
-8.635,3591.353,-48.505,14.941,1.987,2.625,12.1,19.677
-8.619,3591.369,-48.505,14.941,1.975,2.625,12.1,19.677
-8.603,3591.385,-48.637,19.043,1.987,2.625,12.1,19.677
-8.587,3591.401,-48.555,-9.814,1.995,2.625,12.15,19.677
-8.572,3591.416,-48.554,-19.043,1.995,2.625,12.15,19.677
-8.556,3591.432,-48.554,-19.043,1.995,2.625,12.15,19.677
-8.54,3591.448,-48.153,-29.15,1.995,2.625,12.15,19.677
-8.524,3591.464,-48.505,0.586,1.995,2.625,12.15,19.677
-8.509,3591.479,-48.153,40.283,1.995,2.625,12.15,19.677
-8.493,3591.495,-48.153,40.283,1.995,2.625,12.15,19.677
-8.477,3591.511,-48.638,81.152,1.995,2.625,12.15,19.677
-8.461,3591.527,-48.637,87.012,1.995,2.625,12.15,20.323
-8.445,3591.543,-48.504,45.85,1.995,2.625,12.15,20.323
-8.43,3591.558,-48.504,45.85,2.007,2.625,12.15,20.323
-8.414,3591.574,-48.363,22.412,2.007,2.625,12.15,20.323
-8.398,3591.59,-48.153,0,1.995,2.625,12.15,20.323
-8.382,3591.606,-48.505,0,1.995,2.625,12.15,20.323
-8.367,3591.621,-48.505,0,1.995,2.625,12.15,20.323
-8.351,3591.637,-48.363,1.172,1.987,2.625,12.1,20.323
-8.335,3591.653,-48.505,4.98,1.999,2.625,12.1,20.323
-8.319,3591.669,-48.505,-0.293,1.987,2.625,12.1,20.323
-8.303,3591.685,-48.505,-0.293,1.987,2.625,12.1,20.323
-8.288,3591.7,-48.505,-0.293,1.999,2.625,12.1,20.323
-8.272,3591.716,-48.505,-5.273,1.987,2.625,12.1,20.323
-8.256,3591.732,-48.373,-1.318,1.987,2.625,12.1,20.323
-8.24,3591.748,-48.373,-1.318,1.987,2.625,12.1,20.323
-8.224,3591.764,-48.637,-14.502,1.999,2.625,12.1,20.323
-8.209,3591.779,-48.363,-20.947,1.987,2.625,12.1,20.323
-8.193,3591.795,-48.363,-4.248,1.999,2.625,12.1,20.323
-8.177,3591.811,-48.363,-4.248,1.999,2.625,12.1,20.323
-8.161,3591.827,-48.505,35.742,1.999,2.625,12.1,20.323
-8.146,3591.842,-48.363,57.568,1.999,2.625,12.1,20.323
-8.13,3591.858,-48.505,62.695,1.987,2.625,12.1,20.323
-8.114,3591.874,-48.505,62.695,1.999,2.625,12.1,20.323
-8.098,3591.89,-48.505,54.053,1.999,2.625,12.1,20.323
-8.082,3591.906,-48.505,27.686,1.999,2.625,12.1,20.323
-8.067,3591.921,-48.363,5.42,1.987,2.625,12.1,20.323
-8.051,3591.937,-48.363,5.42,1.987,2.625,12.1,20.323
-8.035,3591.953,-48.505,-14.063,1.987,2.625,12.1,20.323
-8.019,3591.969,-48.363,-24.756,1.987,2.625,12.1,20.323
-8.004,3591.984,-48.505,-20.508,1.987,2.625,12.1,20.323
-7.988,3592,-48.505,-20.508,1.987,2.625,12.1,20.323
-7.972,3592.016,-48.446,-18.164,1.999,2.625,12.1,20.323
-7.956,3592.032,-48.505,2.93,1.987,2.625,12.1,20.323
-7.94,3592.048,-48.505,7.764,1.987,2.625,12.1,20.323
-7.925,3592.063,-48.505,7.764,1.987,2.625,12.1,20.323
-7.909,3592.079,-48.446,-13.184,1.999,2.625,12.1,20.323
-7.893,3592.095,-48.505,-40.576,1.999,2.625,12.1,20.323
-7.877,3592.111,-48.505,-56.25,1.987,2.625,12.1,20.323
-7.861,3592.127,-48.505,-56.25,1.995,2.625,12.15,20.323
-7.846,3592.142,-48.362,-58.154,2.007,2.625,12.15,20.323
-7.83,3592.158,-48.363,-30.469,1.995,2.625,12.15,20.323
-7.814,3592.174,-48.505,-9.229,1.995,2.625,12.15,20.323
-7.798,3592.19,-48.505,-9.229,1.995,2.625,12.15,20.323
-7.782,3592.206,-48.505,32.227,2.007,2.625,12.15,20.323
-7.767,3592.221,-48.153,59.033,2.007,2.625,12.15,20.323
-7.751,3592.237,-48.505,75.439,1.999,2.625,12.1,20.323
-7.735,3592.253,-48.505,75.439,1.987,2.625,12.1,20.323
-7.719,3592.269,-48.638,48.486,1.987,2.625,12.1,20.323
-7.703,3592.285,-48.637,16.699,1.987,2.625,12.1,20.323
-7.688,3592.3,-48.505,-23.584,1.999,2.625,12.1,20.323
-7.672,3592.316,-48.505,-23.584,1.999,2.625,12.1,20.323
-7.656,3592.332,-48.364,-33.691,1.987,2.625,12.1,20.323
-7.64,3592.348,-48.505,-40.723,1.987,2.625,12.1,20.323
-7.624,3592.364,-48.505,-21.973,1.999,2.625,12.1,20.323
-7.609,3592.379,-48.505,-21.973,1.987,2.625,12.1,20.323
-7.593,3592.395,-48.637,-9.082,1.987,2.625,12.1,20.323
-7.577,3592.411,-48.637,-10.547,1.987,2.625,12.1,20.323
-7.561,3592.427,-48.363,-23.438,1.987,2.625,12.1,20.323
-7.546,3592.442,-48.363,-23.438,1.987,2.625,12.1,20.323
-7.53,3592.458,-48.505,-21.68,1.987,2.625,12.1,20.323
-7.514,3592.474,-48.554,-3.516,1.995,2.625,12.15,20.323
-7.498,3592.49,-48.505,6.738,1.995,2.625,12.15,20.323
-7.483,3592.505,-48.505,6.738,1.995,2.625,12.15,20.323
-7.467,3592.521,-48.637,16.553,2.007,2.625,12.15,20.323
-7.451,3592.537,-48.505,-13.184,1.995,2.625,12.15,20.323
-7.435,3592.553,-48.363,-28.418,2.019,2.625,12.15,20.323
-7.419,3592.569,-48.363,-28.418,2.007,2.625,12.15,20.323
-7.404,3592.584,-48.505,-23.584,2.007,2.625,12.15,20.323
-7.388,3592.6,-48.363,27.393,1.995,2.625,12.15,20.323
-7.372,3592.616,-48.505,68.847,2.007,2.625,12.15,20.323
-7.356,3592.632,-48.505,68.847,2.007,2.625,12.15,20.323
-7.34,3592.648,-48.505,78.076,2.007,2.625,12.15,20.323
-7.325,3592.663,-48.363,57.422,2.007,2.625,12.15,20.323
-7.309,3592.679,-48.637,5.273,2.007,2.625,12.15,20.323
-7.293,3592.695,-48.637,5.273,2.007,2.625,12.15,20.323
-7.277,3592.711,-48.505,-36.475,1.995,2.625,12.15,20.323
-7.262,3592.726,-48.505,-44.238,1.995,2.625,12.15,20.323
-7.246,3592.742,-48.505,-19.775,1.995,2.625,12.15,20.323
-7.23,3592.758,-48.505,-19.775,1.995,2.625,12.15,20.323
-7.214,3592.774,-48.505,-6.445,1.995,2.625,12.15,20.323
-7.198,3592.79,-48.637,-22.998,2.007,2.625,12.15,20.323
-7.183,3592.805,-48.637,-39.258,2.007,2.625,12.15,20.323
-7.167,3592.821,-48.637,-39.258,2.007,2.625,12.15,20.323
-7.151,3592.837,-48.363,-58.008,1.991,2.625,12.05,20.323
-7.135,3592.853,-48.745,-51.123,1.991,2.625,12.05,20.323
-7.119,3592.869,-49.363,-63.867,1.991,2.625,12.05,20.323
-7.104,3592.884,-49.363,-63.867,1.979,2.625,12.05,20.323
-7.088,3592.9,-49.153,-181.348,1.991,2.625,12.05,20.323
-7.072,3592.916,-49.637,-323.877,1.979,2.625,12.05,20.323
-7.056,3592.932,-49.637,-490.283,1.979,2.625,12.05,20.323
-7.041,3592.947,-49.637,-490.283,1.979,2.625,12.05,20.323
-7.025,3592.963,-49.363,-544.921,1.995,2.625,12.15,20.323
-7.009,3592.979,-49.363,-493.066,2.007,2.625,12.15,20.323
-6.993,3592.995,-49.505,-322.412,2.007,2.625,12.15,20.323
-6.977,3593.011,-49.505,-322.412,2.007,2.625,12.15,20.323
-6.962,3593.026,-49.363,-130.371,1.995,2.625,12.15,20.323
-6.946,3593.042,-49.363,-23.438,2.007,2.625,12.15,20.323
-6.93,3593.058,-49.505,-6.592,2.007,2.625,12.15,20.323
-6.914,3593.074,-49.505,0,2.007,2.625,12.1,20.323
-6.898,3593.09,-49.505,0,1.987,2.625,12.1,20.323
-6.883,3593.105,-49.505,0,1.987,2.625,12.1,20.323
-6.867,3593.121,-49.505,2.344,1.987,2.625,12.1,20.323
-6.851,3593.137,-49.505,19.775,1.999,2.625,12.1,20.323
-6.835,3593.153,-49.505,19.775,1.999,2.625,12.1,20.323
-6.819,3593.169,-49.198,29.297,1.987,2.625,12.1,20.323
-6.804,3593.184,-49.603,83.643,1.987,2.625,12.1,20.323
-6.788,3593.2,-49.974,61.084,1.999,2.625,12.1,20.323
-6.772,3593.216,-49.974,61.084,1.999,2.625,12.1,20.323
-6.756,3593.232,-50.334,-25.635,1.999,2.625,12.1,20.323
-6.741,3593.247,-50.554,-223.828,1.987,2.625,12.1,20.323
-6.725,3593.263,-49.869,-417.334,1.987,2.625,12.1,20.323
-6.709,3593.279,-49.869,-417.334,2.011,2.625,12.1,20.323
-6.693,3593.295,-49.87,-477.246,2.011,2.625,12.1,20.323
-6.677,3593.311,-49.798,-399.756,1.987,2.625,12.1,20.323
-6.662,3593.326,-49.798,-399.756,1.995,2.625,12.15,20.323
-6.646,3593.342,-50.166,-171.387,2.007,2.625,12.15,20.323
-6.63,3593.358,-50.531,19.482,2.007,2.625,12.15,20.323
-6.614,3593.374,-50.897,98.584,2.007,2.625,12.15,20.323
-6.599,3593.389,-51.192,-108.252,2.007,2.625,12.15,20.323
-6.583,3593.405,-51.192,-108.252,2.007,2.625,12.15,20.323
-6.567,3593.421,-51.56,-410.01,1.995,2.625,12.15,20.323
-6.551,3593.437,-51.927,-756.152,1.995,2.625,12.15,20.323
-6.535,3593.453,-52.292,-923.145,2.007,2.625,12.15,20.323
-6.52,3593.468,-52.292,-923.145,2.007,2.625,12.15,20.323
-6.504,3593.484,-52.658,-1009.717,2.007,2.625,12.15,20.323
-6.488,3593.5,-53.021,-1014.111,2.007,2.625,12.15,20.323
-6.472,3593.516,-53.385,-1022.022,2.007,2.625,12.15,20.323
-6.457,3593.531,-53.385,-1022.022,2.007,2.625,12.15,20.323
-6.441,3593.547,-53.751,-1033.301,2.007,2.625,12.15,20.323
-6.425,3593.563,-54.118,-1045.313,1.999,2.625,12.1,20.323
-6.409,3593.579,-54.478,-1049.561,1.999,2.625,12.1,20.323
-6.393,3593.595,-54.478,-1049.561,1.999,2.625,12.1,20.323
-6.378,3593.61,-54.844,-1049.268,1.999,2.625,12.1,20.323
-6.362,3593.626,-55.208,-1048.975,1.999,2.625,12.1,20.323
-6.346,3593.642,-55.572,-1048.828,1.999,2.625,12.1,20.323
-6.33,3593.658,-55.572,-1048.828,1.999,2.625,12.1,20.323
-6.314,3593.674,-55.938,-1048.682,1.987,2.625,12.1,20.323
-6.299,3593.689,-56.305,-1048.535,1.987,2.625,12.1,20.323
-6.283,3593.705,-56.646,-1048.975,1.987,2.625,12.1,20.323
-6.267,3593.721,-56.646,-1048.975,1.999,2.625,12.1,20.323
-6.251,3593.737,-57.042,-1048.828,1.999,2.625,12.1,20.323
-6.236,3593.752,-57.409,-1045.606,1.999,2.625,12.1,20.323
-6.22,3593.768,-57.776,-1040.625,1.999,2.625,12.1,20.323
-6.204,3593.784,-57.776,-1040.625,1.987,2.625,12.1,20.323
-6.188,3593.8,-58.144,-1042.09,1.995,2.625,12.15,19.677
-6.172,3593.816,-58.436,-1042.383,1.995,2.625,12.15,19.677
-6.157,3593.831,-58.803,-1044.873,2.007,2.625,12.15,19.677
-6.141,3593.847,-58.803,-1044.873,2.007,2.625,12.15,19.677
-6.125,3593.863,-59.171,-1035.791,1.995,2.625,12.15,19.677
-6.109,3593.879,-59.538,-1026.709,1.995,2.625,12.15,19.677
-6.094,3593.894,-59.905,-1017.041,1.995,2.625,12.15,19.677
-6.078,3593.91,-59.905,-1017.041,2.007,2.625,12.15,19.677
-6.062,3593.926,-60.268,-1013.232,1.991,2.625,12.05,20.323
-6.046,3593.942,-60.363,-1013.232,1.979,2.625,12.05,20.323
-6.03,3593.958,-60.505,-1000.928,1.979,2.625,12.05,20.323
-6.015,3593.973,-60.505,-1000.928,1.979,2.625,12.05,20.323
-5.999,3593.989,-60.363,-918.604,1.979,2.625,12.05,20.323
-5.983,3594.005,-60.505,-761.719,1.991,2.625,12.05,20.323
-5.967,3594.021,-60.363,-542.285,1.991,2.625,12.05,20.323
-5.952,3594.036,-60.363,-542.285,1.995,2.625,12.15,20.323
-5.936,3594.052,-60.153,-324.902,1.995,2.625,12.15,20.323
-5.92,3594.068,-60.153,-157.031,1.995,2.625,12.15,20.323
-5.904,3594.084,-60.505,-51.123,2.007,2.625,12.15,20.323
-5.888,3594.1,-60.505,-51.123,2.007,2.625,12.15,20.323
-5.873,3594.115,-60.153,-11.426,2.007,2.625,12.15,20.323
-5.857,3594.131,-60.637,1.025,2.007,2.625,12.15,20.323
-5.841,3594.147,-60.363,6.006,2.007,2.625,12.15,20.323
-5.825,3594.163,-60.363,6.006,1.995,2.625,12.15,20.323
-5.809,3594.179,-60.505,14.795,2.007,2.625,12.15,20.323
-5.793,3594.195,-60.505,8.789,2.007,2.625,12.15,20.323
-5.778,3594.21,-60.505,-14.355,1.995,2.625,12.15,20.323
-5.762,3594.226,-60.505,-14.355,1.995,2.625,12.15,20.323
-5.746,3594.242,-60.153,-36.914,1.995,2.625,12.15,20.323
-5.73,3594.258,-60.363,-18.457,2.007,2.625,12.15,20.323
-5.715,3594.273,-60.505,25.928,1.987,2.625,12.1,20.323
-5.699,3594.289,-60.505,25.928,1.999,2.625,12.1,20.323
-5.683,3594.305,-60.637,53.613,1.999,2.625,12.1,20.323
-5.667,3594.321,-60.363,54.346,1.987,2.625,12.1,20.323
-5.651,3594.337,-60.153,44.971,1.999,2.625,12.1,20.323
-5.636,3594.352,-60.153,44.971,1.999,2.625,12.1,20.323
-5.62,3594.368,-60.363,30.469,1.999,2.625,12.1,20.323
-5.604,3594.384,-60.363,-5.273,1.999,2.625,12.1,20.323
-5.588,3594.4,-60.505,-3.809,1.995,2.625,12.15,20.323
-5.573,3594.415,-60.505,-3.809,1.995,2.625,12.15,20.323
-5.557,3594.431,-60.505,-2.49,2.007,2.625,12.15,20.323
-5.541,3594.447,-60.637,1.318,2.019,2.625,12.15,20.323
-5.525,3594.463,-60.505,-23.438,2.007,2.625,12.15,20.323
-5.509,3594.479,-60.505,-23.438,2.007,2.625,12.15,20.323
-5.494,3594.494,-60.446,-27.539,1.995,2.625,12.15,20.323
-5.478,3594.51,-60.505,-11.572,2.007,2.625,12.15,20.323
-5.462,3594.526,-60.446,-1.172,1.999,2.625,12.1,20.323
-5.446,3594.542,-60.446,-1.172,1.987,2.625,12.1,20.323
-5.43,3594.558,-60.505,1.611,1.987,2.625,12.1,20.323
-5.415,3594.573,-60.153,8.057,1.999,2.625,12.1,20.323
-5.399,3594.589,-60.767,6.885,1.999,2.625,12.1,20.323
-5.383,3594.605,-60.767,6.885,1.999,2.625,12.1,20.323
-5.367,3594.621,-61.174,-22.998,1.999,2.625,12.1,20.323
-5.352,3594.636,-61.535,-129.492,1.991,2.625,12.05,20.968
-5.336,3594.652,-61.901,-328.857,1.991,2.625,12.05,20.968
-5.32,3594.668,-61.901,-328.857,1.991,2.625,12.05,20.968
-5.304,3594.684,-62.268,-567.92,1.991,2.625,12.05,20.968
-5.288,3594.7,-62.636,-800.244,1.991,2.625,12.05,20.968
-5.273,3594.715,-63.005,-970.459,1.991,2.625,12.05,20.968
-5.257,3594.731,-63.005,-970.459,1.979,2.625,12.05,20.968
-5.241,3594.747,-63.37,-1054.981,1.979,2.625,12.05,20.968
-5.225,3594.763,-63.739,-1058.496,1.999,2.625,12.1,20.323
-5.209,3594.779,-64.105,-1027.734,1.999,2.625,12.1,20.323
-5.194,3594.794,-64.105,-1027.734,1.987,2.625,12.1,20.323
-5.178,3594.81,-64.395,-1015.283,1.999,2.625,12.1,20.323
-5.162,3594.826,-64.761,-1015.137,1.987,2.625,12.1,20.323
-5.146,3594.842,-64.887,-997.852,2.011,2.625,12.1,20.323
-5.131,3594.857,-64.887,-997.852,2.011,2.625,12.1,20.323
-5.115,3594.873,-64.505,-903.369,1.999,2.625,12.1,20.323
-5.099,3594.889,-64.152,-718.799,1.999,2.625,12.1,20.323
-5.083,3594.905,-64.637,-464.648,1.987,2.625,12.1,20.323
-5.067,3594.921,-64.637,-464.648,1.999,2.625,12.1,20.323
-5.052,3594.936,-64.505,-229.98,1.999,2.625,12.1,20.323
-5.036,3594.952,-64.363,-76.465,1.999,2.625,12.1,20.323
-5.02,3594.968,-64.152,-7.324,1.999,2.625,12.1,20.323
-5.004,3594.984,-64.152,-7.324,1.999,2.625,12.1,20.323
-5.988,3594,-64.505,19.043,1.999,2.625,12.1,20.323
-4.973,3595.015,-64.152,8.496,1.987,2.625,12.1,20.323
-4.957,3595.031,-64.363,7.324,1.987,2.625,12.1,20.323
-4.941,3595.047,-64.363,7.324,1.987,2.625,12.1,20.323
-4.925,3595.063,-64.505,-14.063,1.987,2.625,12.1,20.323
-4.91,3595.078,-64.505,-2.783,1.999,2.625,12.1,20.323
-4.894,3595.094,-64.555,-22.852,1.999,2.625,12.1,20.323
-4.878,3595.11,-64.555,-22.852,1.987,2.625,12.1,20.323
-4.862,3595.126,-64.505,-29.59,1.999,2.625,12.1,20.323
-4.846,3595.142,-64.363,-37.939,1.999,2.625,12.1,20.323
-4.831,3595.157,-64.505,-12.744,1.987,2.625,12.1,20.323
-4.815,3595.173,-64.505,-12.744,1.999,2.625,12.1,20.323
-4.799,3595.189,-64.627,-0.879,1.999,2.625,12.1,20.323
-4.783,3595.205,-64.152,14.941,1.987,2.625,12.1,20.323
-4.767,3595.221,-64.505,20.801,1.987,2.625,12.1,20.323
-4.752,3595.236,-64.505,20.801,1.999,2.625,12.1,19.677
-4.736,3595.252,-64.505,12.012,1.999,2.625,12.1,19.677
-4.72,3595.268,-64.555,-4.688,1.999,2.625,12.1,19.677
-4.704,3595.284,-63.363,3.223,1.999,2.625,12.1,19.677
-4.689,3595.299,-63.363,3.223,1.987,2.625,12.1,19.677
-4.673,3595.315,-63.554,171.387,1.987,2.625,12.1,19.677
-4.657,3595.331,-63.637,372.803,1.987,2.625,12.1,19.677
-4.641,3595.347,-63.363,559.717,1.999,2.625,12.1,19.677
-4.625,3595.363,-63.363,559.717,1.991,2.625,12.05,20.323
-4.609,3595.379,-63.505,619.189,2.002,2.625,12.05,20.323
-4.594,3595.394,-63.505,568.506,1.991,2.625,12.05,20.323
-4.578,3595.41,-63.153,376.611,1.991,2.625,12.05,20.323
-4.562,3595.426,-63.637,161.133,2.002,2.625,12.05,20.323
-4.546,3595.442,-63.637,161.133,1.991,2.625,12.05,20.323
-4.53,3595.458,-63.363,-4.541,1.991,2.625,12.05,20.323
-4.515,3595.473,-63.505,-19.189,1.991,2.625,12.1,20.323
-4.499,3595.489,-63.505,-19.189,1.999,2.625,12.1,20.323
-4.483,3595.505,-63.5,-20.361,1.987,2.625,12.1,20.323
-4.467,3595.521,-63.505,-3.662,1.999,2.625,12.1,20.323
-4.452,3595.536,-63.505,3.662,1.999,2.625,12.1,20.323
-4.436,3595.552,-63.637,6.152,1.999,2.625,12.1,20.323
-4.42,3595.568,-63.637,6.152,2.011,2.625,12.1,20.323
-4.404,3595.584,-63.153,-18.75,2.011,2.625,12.1,20.323
-4.388,3595.6,-63.505,-21.533,1.999,2.625,12.1,20.323
-4.373,3595.615,-63.505,-21.533,1.999,2.625,12.1,20.323
-4.357,3595.631,-63.455,-21.533,1.999,2.625,12.1,20.323
-4.341,3595.647,-63.872,-11.719,1.999,2.625,12.1,20.323
-4.325,3595.663,-64.157,-55.225,1.999,2.625,12.1,20.323
-4.309,3595.679,-64.532,-159.521,1.999,2.625,12.1,20.323
-4.294,3595.694,-64.532,-159.521,1.999,2.625,12.1,20.323
-4.278,3595.71,-64.637,-338.965,1.987,2.625,12.1,20.323
-4.262,3595.726,-64.152,-512.402,2.007,2.625,12.15,20.323
-4.246,3595.742,-64.637,-586.523,2.007,2.625,12.15,20.323
-4.231,3595.757,-64.637,-586.523,2.019,2.625,12.15,20.323
-4.215,3595.773,-64.363,-520.605,2.007,2.625,12.15,20.323
-4.199,3595.789,-64.152,-365.479,2.007,2.625,12.15,20.323
-4.183,3595.805,-64.152,-183.398,2.007,2.625,12.15,20.323
-4.168,3595.82,-64.152,-183.398,2.007,2.625,12.15,20.323
-4.152,3595.836,-64.363,-31.201,1.999,2.625,12.1,20.323
-4.136,3595.852,-64.363,38.672,1.999,2.625,12.1,20.323
-4.12,3595.868,-64.505,16.113,1.999,2.625,12.1,20.323
-4.104,3595.884,-64.505,16.113,1.999,2.625,12.1,20.323
-4.089,3595.899,-64.363,3.516,1.999,2.625,12.1,20.323
-4.073,3595.915,-64.637,6.006,1.999,2.625,12.1,20.323
-4.057,3595.931,-64.505,-18.75,1.999,2.625,12.1,20.323
-4.041,3595.947,-64.505,-18.75,1.999,2.625,12.1,20.323
-4.025,3595.963,-64.555,-61.816,1.994,2.625,12,20.968
-4.01,3595.978,-64.637,-65.332,1.994,2.625,12,20.968
-3.994,3595.994,-64.505,-38.232,1.982,2.625,12,20.968
-3.978,3596.01,-64.505,-38.232,1.982,2.625,12,20.968
-3.962,3596.026,-64.634,-32.666,1.982,2.625,12,20.968
-3.947,3596.041,-64.381,-18.457,1.982,2.625,12,20.968
-3.931,3596.057,-64.363,10.84,1.982,2.625,12,20.968
-3.915,3596.073,-64.363,10.84,1.982,2.625,12.1,20.968
-3.899,3596.089,-64.505,34.717,1.999,2.625,12.1,20.968
-3.883,3596.105,-64.52,30.029,1.987,2.625,12.1,20.968
-3.868,3596.12,-64.363,12.158,1.987,2.625,12.1,20.968
-3.852,3596.136,-64.363,12.158,1.999,2.625,12.1,20.968
-3.836,3596.152,-64.637,-2.051,1.999,2.625,12.1,20.968
-3.82,3596.168,-64.576,-42.041,1.987,2.625,12.1,20.968
-3.805,3596.183,-64.363,-56.836,1.987,2.625,12.1,20.968
-3.789,3596.199,-64.363,-56.836,1.999,2.625,12.1,20.968
-3.773,3596.215,-64.363,-50.244,1.987,2.625,12.1,20.968
-3.757,3596.231,-64.505,-5.713,1.987,2.625,12.1,20.968
-3.741,3596.247,-64.505,29.297,1.987,2.625,12.1,20.968
-3.726,3596.262,-64.505,29.297,1.999,2.625,12.1,20.968
-3.71,3596.278,-64.505,38.086,1.999,2.625,12.1,20.968
-3.694,3596.294,-64.446,16.699,2.011,2.625,12.1,20.968
-3.678,3596.31,-64.637,-1.318,1.999,2.625,12.1,20.968
-3.662,3596.326,-64.637,-1.318,2.007,2.625,12.15,20.323
-3.647,3596.341,-65.363,-5.566,2.007,2.625,12.15,20.323
-3.631,3596.357,-65.446,-81.592,2.007,2.625,12.15,20.323
-3.615,3596.373,-65.363,-243.311,1.995,2.625,12.15,20.323
-3.599,3596.389,-65.363,-243.311,2.007,2.625,12.15,20.323
-3.584,3596.404,-65.505,-407.227,2.007,2.625,12.15,20.323
-3.568,3596.42,-65.637,-508.301,2.007,2.625,12.15,20.323
-3.552,3596.436,-65.505,-553.125,2.007,2.625,12.1,20.968
-3.536,3596.452,-65.505,-553.125,1.987,2.625,12.1,20.968
-3.521,3596.467,-65.505,-458.496,1.987,2.625,12.1,20.968
-3.505,3596.483,-65.505,-286.67,1.999,2.625,12.1,20.968
-3.489,3596.499,-65.505,-92.725,1.999,2.625,12.1,20.968
-3.473,3596.515,-65.505,-92.725,1.999,2.625,12.1,20.968
-3.457,3596.531,-65.505,-22.998,1.999,2.625,12.1,20.968
-3.442,3596.546,-65.505,-19.629,1.999,2.625,12.1,20.968
-3.426,3596.562,-65.505,-13.623,1.999,2.625,12.1,20.968
-3.41,3596.578,-65.505,-13.623,1.999,2.625,12.1,20.968
-3.394,3596.594,-65.637,-4.834,1.999,2.625,12.1,20.968
-3.379,3596.609,-66.121,-4.834,1.999,2.625,12.1,20.968
-3.363,3596.625,-66.121,-102.979,1.987,2.625,12.1,20.968
-3.347,3596.641,-66.121,-102.979,1.999,2.625,12.1,20.968
-3.331,3596.657,-66.121,-224.268,1.999,2.625,12.1,20.968
-3.315,3596.673,-66.121,-345.41,1.999,2.625,12.1,20.968
-3.3,3596.688,-66.121,-369.58,1.991,2.625,12.05,20.323
-3.284,3596.704,-66.121,-369.58,2.002,2.625,12.05,20.323
-3.268,3596.72,-66.068,-352.734,1.991,2.625,12.05,20.323
-3.252,3596.736,-66.47,-233.789,2.002,2.625,12.05,20.323
-3.236,3596.752,-66.831,-167.139,2.014,2.625,12.05,20.323
-3.221,3596.767,-66.831,-167.139,1.991,2.625,12.05,20.323
-3.205,3596.783,-67.194,-181.934,1.991,2.625,12.05,20.323
-3.189,3596.799,-67.553,-376.172,1.991,2.625,12.05,20.968
-3.173,3596.815,-67.914,-592.09,1.991,2.625,12.05,20.968
-3.157,3596.831,-67.914,-592.09,1.991,2.625,12.05,20.968
-3.142,3596.846,-68.276,-797.607,1.991,2.625,12.05,20.968
-3.126,3596.862,-68.638,-946.143,2.002,2.625,12.05,20.968
-3.11,3596.878,-69,-1023.633,1.991,2.625,12.05,20.968
-3.094,3596.894,-69,-1023.633,1.991,2.625,12.05,20.968
-3.078,3596.91,-69.361,-1039.893,1.979,2.625,12.05,20.968
-3.063,3596.925,-69.728,-1040.479,1.999,2.625,12.1,20.968
-3.047,3596.941,-70.09,-1041.211,1.987,2.625,12.1,20.968
-3.031,3596.957,-70.09,-1041.211,1.987,2.625,12.1,20.968
-3.015,3596.973,-70.45,-1042.236,1.987,2.625,12.1,20.968
-3,3596.988,-70.814,-1043.114,1.987,2.625,12.1,20.968
-2.984,3597.004,-71.177,-1043.848,1.999,2.625,12.1,20.968
-2.968,3597.02,-71.177,-1043.848,1.999,2.625,12.1,20.968
-2.952,3597.036,-71.541,-1043.848,1.991,2.625,12.05,20.968
-2.936,3597.052,-71.904,-1043.408,1.991,2.625,12.05,20.968
-2.921,3597.067,-72.198,-1042.822,1.991,2.625,12.05,20.968
-2.905,3597.083,-72.198,-1042.822,1.979,2.625,12.05,20.968
-2.889,3597.099,-72.562,-1033.739,1.991,2.625,12.05,20.968
-2.873,3597.115,-72.928,-1022.168,1.979,2.625,12.05,20.968
-2.858,3597.13,-73.291,-1010.449,1.991,2.625,12.05,20.968
-2.842,3597.146,-73.291,-1010.449,1.979,2.625,12.05,20.968
-2.826,3597.162,-73.663,-1008.106,1.999,2.625,12.1,20.968
-2.81,3597.178,-73.505,-1009.424,1.999,2.625,12.1,20.968
-2.794,3597.194,-73.152,-971.338,1.999,2.625,12.1,20.968
-2.778,3597.21,-73.152,-971.338,2.011,2.625,12.1,20.968
-2.763,3597.225,-73.554,-818.408,2.011,2.625,12.1,20.968
-2.747,3597.241,-74.133,-608.936,1.999,2.625,12.1,20.968
-2.731,3597.257,-74.499,-447.51,1.999,2.625,12.1,20.968
-2.715,3597.273,-74.499,-447.51,1.999,2.625,12.1,20.968
-2.7,3597.288,-74.863,-400.781,1.999,2.625,12.1,20.968
-2.684,3597.304,-75.157,-494.971,1.999,2.625,12.1,20.968
-2.668,3597.32,-75.522,-681.152,1.999,2.625,12.1,20.968
-2.652,3597.336,-75.522,-681.152,1.999,2.625,12.1,20.968
-2.636,3597.352,-75.891,-897.51,1.987,2.625,12.1,20.968
-2.621,3597.367,-76.251,-1022.022,1.987,2.625,12.1,20.968
-2.605,3597.383,-76.62,-1035.205,1.999,2.625,12.1,20.968
-2.589,3597.399,-76.62,-1035.205,1.999,2.625,12.1,20.968
-2.573,3597.415,-76.986,-1012.5,1.999,2.625,12.1,20.968
-2.558,3597.43,-77.346,-1010.01,1.999,2.625,12.1,20.968
-2.542,3597.446,-77.717,-1010.01,1.987,2.625,12.1,20.968
-2.526,3597.462,-77.717,-1010.01,1.987,2.625,12.1,20.968
-2.51,3597.478,-78.081,-1010.303,1.999,2.625,12.1,20.968
-2.494,3597.494,-78.456,-1010.303,1.999,2.625,12.1,20.968
-2.479,3597.509,-78.153,-1010.596,1.987,2.625,12.1,20.968
-2.463,3597.525,-78.153,-1010.596,1.999,2.625,12.1,20.968
-2.447,3597.541,-78.505,-973.682,1.999,2.625,12.1,20.968
-2.431,3597.557,-78.505,-867.627,1.987,2.625,12.1,20.968
-2.415,3597.573,-78.505,-691.699,1.999,2.625,12.1,20.968
-2.4,3597.588,-78.505,-691.699,2.011,2.625,12.1,20.968
-2.384,3597.604,-78.505,-438.574,1.999,2.625,12.1,20.968
-2.368,3597.62,-78.505,-225.732,1.999,2.625,12.1,20.968
-2.352,3597.636,-78.505,-80.127,1.999,2.625,12.1,20.968
-2.337,3597.651,-78.505,-80.127,1.987,2.625,12.1,20.968
-2.321,3597.667,-78.637,-38.672,1.999,2.625,12.1,20.968
-2.305,3597.683,-78.505,-22.266,1.999,2.625,12.1,20.968
-2.289,3597.699,-78.363,-34.131,1.999,2.625,12.1,20.968
-2.273,3597.715,-78.363,-34.131,1.999,2.625,12.1,20.968
-2.258,3597.73,-78.505,-16.699,1.999,2.625,12.1,20.968
-2.242,3597.746,-78.505,8.643,1.999,2.625,12.1,20.968
-2.226,3597.762,-78.363,52.148,1.987,2.625,12.1,20.968
-2.21,3597.778,-78.363,52.148,1.999,2.625,12.1,20.968
-2.194,3597.794,-78.505,43.945,1.999,2.625,12.1,20.968
-2.179,3597.809,-78.505,18.018,1.999,2.625,12.1,20.968
-2.163,3597.825,-78.637,-17.138,1.999,2.625,12.1,20.968
-2.147,3597.841,-78.637,-17.138,1.999,2.625,12.1,20.968
-2.131,3597.857,-78.505,-34.131,1.999,2.625,12.1,20.968
-2.115,3597.873,-78.363,-56.836,1.987,2.625,12.15,20.323
-2.1,3597.888,-78.505,-65.186,1.995,2.625,12.15,20.323
-2.084,3597.904,-78.505,-65.186,1.995,2.625,12.15,20.323
-2.068,3597.92,-78.505,-47.021,2.007,2.625,12.15,20.323
-2.052,3597.936,-78.505,-13.184,2.007,2.625,12.15,20.323
-2.037,3597.951,-78.637,32.227,2.007,2.625,12.15,20.323
-2.021,3597.967,-78.505,32.227,1.995,2.625,12.15,20.323
-2.005,3597.983,-78.505,32.227,1.995,2.625,12.15,20.323
-1.989,3597.999,-78.505,21.094,1.999,2.625,12.1,20.323
-1.973,3598.015,-78.363,0,1.999,2.625,12.1,20.323
-1.958,3598.03,-78.363,0,1.987,2.625,12.1,20.323
-1.942,3598.046,-78.555,0,1.987,2.625,12.1,20.323
-1.926,3598.062,-78.373,8.936,1.987,2.625,12.1,20.323
-1.91,3598.078,-78.637,28.711,2.011,2.625,12.1,20.323
-1.895,3598.093,-78.505,28.711,1.999,2.625,12.1,20.323
-1.879,3598.109,-78.505,28.711,1.999,2.625,12.1,20.323
-1.863,3598.125,-78.505,20.947,1.991,2.625,12.05,20.968
-1.847,3598.141,-78.505,0,1.991,2.625,12.05,20.968
-1.831,3598.157,-78.505,0,1.991,2.625,12.05,20.968
-1.816,3598.172,-78.505,0,1.991,2.625,12.05,20.968
-1.8,3598.188,-78.637,2.49,2.002,2.625,12.05,20.968
-1.784,3598.204,-78.363,22.266,1.991,2.625,12.05,20.968
-1.768,3598.22,-78.637,32.373,1.979,2.625,12.05,20.968
-1.753,3598.235,-78.637,32.373,1.995,2.625,12.15,20.968
-1.737,3598.251,-78.363,31.055,2.007,2.625,12.15,20.968
-1.721,3598.267,-78.505,2.051,2.007,2.625,12.15,20.968
-1.705,3598.283,-78.637,-35.449,2.007,2.625,12.15,20.968
-1.689,3598.299,-78.637,-35.449,2.007,2.625,12.15,20.968
-1.674,3598.314,-78.254,-35.888,2.019,2.625,12.15,20.968
-1.658,3598.33,-78.363,-17.871,2.007,2.625,12.15,20.968
-1.642,3598.346,-78.505,12.451,2.007,2.625,12.15,20.968
-1.626,3598.362,-78.505,12.451,1.991,2.625,12.05,20.968
-1.61,3598.378,-78.504,12.891,1.991,2.625,12.05,20.968
-1.595,3598.393,-78.637,6.738,1.979,2.625,12.05,20.968
-1.579,3598.409,-78.637,-0.439,1.991,2.625,12.05,20.968
-1.563,3598.425,-78.637,-0.439,1.991,2.625,12.05,20.968
-1.547,3598.441,-78.363,-0.439,1.979,2.625,12.05,20.968
-1.532,3598.456,-78.363,3.516,1.979,2.625,12.05,20.968
-1.516,3598.472,-78.363,8.789,2.002,2.625,12.05,20.968
-1.5,3598.488,-78.363,8.789,1.991,2.625,12.05,20.968
-1.484,3598.504,-78.505,8.789,1.991,2.625,12.05,20.968
-1.468,3598.52,-78.505,0.879,1.991,2.625,12.05,20.968
-1.453,3598.535,-78.153,1.172,1.991,2.625,12.05,20.968
-1.437,3598.551,-78.153,1.172,1.991,2.625,12.05,20.968
-1.421,3598.567,-78.505,2.051,1.991,2.625,12.05,20.968
-1.405,3598.583,-78.505,-0.293,1.991,2.625,12.05,20.968
-1.39,3598.598,-78.363,-0.293,1.999,2.625,12.1,20.323
-1.374,3598.614,-78.363,-0.293,1.999,2.625,12.1,20.323
-1.358,3598.63,-78.505,-3.809,1.999,2.625,12.1,20.323
-1.342,3598.646,-78.505,0,1.999,2.625,12.1,20.323
-1.327,3598.661,-78.505,0,1.999,2.625,12.1,20.323
-1.311,3598.677,-78.505,0,1.999,2.625,12.1,20.323
-1.295,3598.693,-78.505,0,1.999,2.625,12.1,20.323
-1.279,3598.709,-78.505,0,1.999,2.625,12.1,20.323
-1.263,3598.725,-78.363,-8.203,1.999,2.625,12.1,20.323
-1.248,3598.74,-78.363,-8.203,1.999,2.625,12.1,20.323
-1.232,3598.756,-78.505,-14.502,1.999,2.625,12.1,20.323
-1.216,3598.772,-78.363,-14.502,1.999,2.625,12.1,20.323
-1.2,3598.788,-78.637,11.719,1.999,2.625,12.1,20.323
-1.184,3598.804,-78.637,11.719,1.999,2.625,12.1,20.323
-1.169,3598.819,-78.153,23.877,1.999,2.625,12.1,20.323
-1.153,3598.835,-78.153,33.838,1.999,2.625,12.1,20.968
-1.137,3598.851,-78.363,31.201,1.999,2.625,12.1,20.968
-1.121,3598.867,-78.363,31.201,1.999,2.625,12.1,20.968
-1.105,3598.883,-78.153,39.258,1.999,2.625,12.1,20.968
-1.09,3598.898,-78.363,55.811,1.999,2.625,12.1,20.968
-1.074,3598.914,-78.637,68.555,1.999,2.625,12.1,20.968
-1.058,3598.93,-78.637,68.555,1.999,2.625,12.1,20.968
-1.042,3598.946,-78.637,58.74,1.999,2.625,12.1,20.968
-1.026,3598.962,-78.637,22.998,2.007,2.625,12.15,20.968
-1.011,3598.977,-78.505,-13.477,1.995,2.625,12.15,20.968
-0.995,3598.993,-78.505,-13.477,2.007,2.625,12.15,20.968
-0.979,3599.009,-78.363,-21.826,2.007,2.625,12.15,20.968
-0.963,3599.025,-78.363,-16.26,2.007,2.625,12.15,20.968
-0.948,3599.04,-78.637,5.273,2.007,2.625,12.15,20.968
-0.932,3599.056,-78.637,5.273,1.995,2.625,12.15,20.968
-0.916,3599.072,-78.637,10.547,1.995,2.625,12.15,20.968
-0.9,3599.088,-78.363,8.203,1.999,2.625,12.1,20.968
-0.885,3599.103,-78.153,-3.223,1.999,2.625,12.1,20.968
-0.869,3599.119,-78.153,-3.223,1.999,2.625,12.1,20.968
-0.853,3599.135,-78.363,-9.814,1.999,2.625,12.1,20.968
-0.837,3599.151,-78.505,-1.465,1.999,2.625,12.1,20.968
-0.821,3599.167,-78.363,14.209,1.999,2.625,12.1,20.968
-0.806,3599.182,-78.363,14.209,1.999,2.625,12.1,20.968
-0.79,3599.198,-78.363,27.393,1.999,2.625,12.1,20.968
-0.774,3599.214,-78.363,30.029,1.999,2.625,12.1,20.968
-0.758,3599.23,-78.505,16.113,2.011,2.625,12.1,20.968
-0.742,3599.246,-78.505,16.113,1.999,2.625,12.1,20.968
-0.727,3599.261,-78.637,-3.662,1.999,2.625,12.1,20.968
-0.71,3599.278,-78.446,-19.629,1.999,2.625,12.1,20.968
-0.694,3599.294,-78.363,-19.629,1.999,2.625,12.1,20.968
-0.679,3599.309,-78.363,-19.629,2.011,2.625,12.1,20.968
-0.663,3599.325,-78.363,0.146,2.002,2.625,12.05,20.968
-0.647,3599.341,-78.505,42.041,1.991,2.625,12.05,20.968
-0.631,3599.357,-78.505,65.918,1.991,2.625,12.05,20.968
-0.616,3599.372,-78.505,65.918,1.991,2.625,12.05,20.968
-0.6,3599.388,-78.637,53.027,1.991,2.625,12.05,20.968
-0.584,3599.404,-78.505,18.457,1.991,2.625,12.05,20.968
-0.568,3599.42,-78.505,-29.59,1.991,2.625,12.05,20.968
-0.552,3599.436,-78.505,-29.59,1.999,2.625,12.1,20.968
-0.537,3599.451,-78.363,-58.74,1.999,2.625,12.1,20.968
-0.521,3599.467,-78.363,-77.637,1.999,2.625,12.1,20.968
-0.505,3599.483,-78.637,-41.455,1.999,2.625,12.1,20.968
-0.489,3599.499,-78.637,-41.455,1.999,2.625,12.1,20.968
-0.474,3599.514,-78.153,-1.318,2.011,2.625,12.1,20.968
-0.458,3599.53,-78.505,41.602,2.011,2.625,12.1,20.968
-0.442,3599.546,-78.555,46.289,1.999,2.625,12.1,20.968
-0.426,3599.562,-78.555,46.289,1.999,2.625,12.1,20.968
-0.41,3599.578,-78.637,13.33,1.999,2.625,12.1,20.968
-0.395,3599.593,-78.153,-23.145,1.999,2.625,12.1,20.968
-0.379,3599.609,-78.363,-55.225,1.999,2.625,12.1,20.968
-0.363,3599.625,-78.363,-55.225,1.999,2.625,12.1,20.968
-0.347,3599.641,-78.637,-50.83,1.999,2.625,12.1,20.968
-0.331,3599.657,-78.363,-12.451,1.999,2.625,12.1,20.968
-0.316,3599.672,-78.505,26.221,1.999,2.625,12.1,20.968
-0.3,3599.688,-78.505,26.221,1.999,2.625,12.1,20.323
-0.284,3599.704,-78.153,53.174,1.999,2.625,12.1,20.323
-0.268,3599.72,-78.363,30.762,1.999,2.625,12.1,20.323
-0.253,3599.735,-78.505,4.394,1.999,2.625,12.1,20.323
-0.237,3599.751,-78.505,4.394,1.999,2.625,12.1,20.323
-0.221,3599.767,-78.555,-7.764,1.999,2.625,12.1,20.323
-0.205,3599.783,-78.637,0,1.999,2.625,12.1,20.323
-0.189,3599.799,-78.153,-4.98,1.991,2.625,12.05,20.968
-0.174,3599.814,-78.153,-4.98,1.991,2.625,12.05,20.968
-0.158,3599.83,-78.637,-10.986,1.991,2.625,12.05,20.968
-0.142,3599.846,-78.505,-22.705,1.991,2.625,12.05,20.968
-0.126,3599.862,-78.637,-27.832,1.991,2.625,12.05,20.968
-0.11,3599.878,-78.637,-27.832,1.991,2.625,12.05,20.968
-0.095,3599.893,-78.504,-21.68,1.991,2.625,12.05,20.968
-0.079,3599.909,-78.513,-9.814,1.991,2.625,12.05,20.968
-0.063,3599.925,-78.119,0.293,1.994,2.625,12,20.968
-0.047,3599.941,-78.119,0.293,1.994,2.625,12,20.968
-0.031,3599.957,-78.482,42.334,1.971,2.625,12,20.968
-0.016,3599.972,-78.844,57.275,1.982,2.625,12,20.968
0,3599.988,-79.208,0,1.982,2.625,12,20.968